sku,description
1001-Black-L,"High Neck Tank, Black, L"
1001-Black-M,"High Neck Tank, Black, M"
1001-Black-S,"High Neck Tank, Black, S"
1001-Black-XL,"High Neck Tank, Black, XL"
1001-Black-XS,"High Neck Tank, Black, XS"
1001-Ivory-L,"High Neck Tank, Ivory, L"
1001-Ivory-M,"High Neck Tank, Ivory, M"
1001-Ivory-S,"High Neck Tank, Ivory, S"
1001-Ivory-XL,"High Neck Tank, Ivory, XL"
1001-Ivory-XS,"High Neck Tank, Ivory, XS"
1001-White-L,"High Neck Tank, White, L"
1001-White-M,"High Neck Tank, White, M"
1001-White-S,"High Neck Tank, White, S"
1001-White-XL,"High Neck Tank, White, XL"
1001-White-XS,"High Neck Tank, White, XS"
101-Natural-L,"Deep Scoop, Short Sleeve, Natural, L"
101-Natural-XL,"Deep Scoop, Short Sleeve, Natural, XL"
101-Natural-XS,"Deep Scoop, Short Sleeve, Natural, XS"
1020-Black-XS,"Boy Short, Black, XS"
1020-White-L,"Boy Short, White, L"
1020-White-XS,"Boy Short,White, XS"
1030-Black-L,"Lace Thong, Black, L"
1030-White-XL,"Lace Thong, White, XL"
1031-Black-L,"Thong, Black, L"
1031-Black-M,"Thong, Black, M"
1031-Black-S,"Thong, Black, S"
1031-White-L,"Thong, White, L"
1031-White-XL,"Thong, White, XL"
1040-Black-L,Slip-Black-L
1040-Black-XS,Slip-Black-XS
1040-White-S,Slip-White-S
1041-Black-L,"Tank Dress, Black, L"
1041-Black-M,"Tank Dress, Black, M"
1041-Black-S,"Tank Dress, Black, S"
1041-Black-XL,"Tank Dress, Black, XL"
1041-Black-XS,"Tank Dress, Black, XS"
1050-Black-L,EveryWear Luxury Pant - Black - L
1050-Black-M,EveryWear Luxury Pant - Black - M
1050-Black-S,EveryWear Luxury Pant - Black - S
1050-Black-XL,EveryWear Luxury Pant - Black - XL
1050-Black-XS,EveryWear Luxury Pant - Black-XS
1050-White-L,EveryWear Luxury Pant - White - L
1050-White-M,EveryWear Luxury Pant - White - M
1050-White-S,EveryWear Luxury Pant - White - S
1050-White-XL,EveryWear Luxury Pant - White - XL
1050-White-XS,EveryWear Luxury Pant - White - XS
1060-Black-M/L,Robe-Black-M/L
1060-Shl Pnk-S,"Robe, Shell Pink, S"
1060-White-M/L,"Robe, White, M/L"
1060-White-S,"Robe, White, S"
15/280-Black,"Lace Elastic 2 1/4"""
2000-Black-L,"Droop Neck, 3/4th Sleeve, Black, L"
2000-Black-M,"Droop Neck, 3/4th Sleeve, Black, M"
2000-Black-S,"Droop Neck, 3/4th Sleeve, Black, S"
2000-Black-XL,"Droop Neck, 3/4th Sleeve, Black, XL"
2000-Black-XS,"Droop Neck, 3/4th Sleeve, Black, XS"
2000-ChiliPepperRed-L,"Droop Neck, 3/4th Sleeve, Chili Pepper Red, L"
2000-ChiliPepperRed-M,"Droop Neck, 3/4th Sleeve, Chili Pepper Red, M"
2000-ChiliPepperRed-S,"Droop Neck, 3/4th Sleeve, Chili Pepper Red, S"
2000-ChiliPepperRed-XL,"Droop Neck, 3/4th Sleeve, Chili Pepper Red, XL"
2000-ChiliPepperRed-XS,"Droop Neck, 3/4th Sleeve, Chili Pepper Red, XS"
2000-FuchsiaPurple-L,"Droop Neck, 3/4th Sleeve, Fuchsia Purple, L"
2000-FuchsiaPurple-M,"Droop Neck, 3/4th Sleeve, Fuchsia Purple, M"
2000-FuchsiaPurple-S,"Droop Neck, 3/4th Sleeve, Fuchsia Purple, S"
2000-FuchsiaPurple-XL,"Droop Neck, 3/4th Sleeve, Fuchsia Purple, XL"
2000-FuchsiaPurple-XS,"Droop Neck, 3/4th Sleeve, Fuchsia Purple, XS"
2000-Navy-L,"Droop Neck, 3/4th Sleeve, Navy, L"
2000-Navy-M,"Droop Neck, 3/4th Sleeve, Navy, M"
2000-Navy-S,"Droop Neck, 3/4th Sleeve, Navy, S"
2000-Navy-XL,"Droop Neck, 3/4th Sleeve, Navy, XL"
2000-Navy-XS,"Droop Neck, 3/4th Sleeve, Navy, XS"
2000-SlateGray-L,"Droop Neck, 3/4th Sleeve, Slate Gray, L"
2000-SlateGray-M,"Droop Neck, 3/4th Sleeve, Slate Gray, M"
2000-SlateGray-S,"Droop Neck, 3/4th Sleeve, Slate Gray, S"
2000-SlateGray-XL,"Droop Neck, 3/4th Sleeve, Slate Gray, XL"
2000-SlateGray-XS,"Droop Neck, 3/4th Sleeve, Slate Gray, XS"
2000-White-L,"Droop Neck, 3/4th Sleeve, White, L"
2000-White-M,"Droop Neck, 3/4th Sleeve, White, M"
2000-White-S,"Droop Neck, 3/4th Sleeve, White, S"
2000-White-XL,"Droop Neck, 3/4th Sleeve, White, XL"
2000-White-XS,"Droop Neck, 3/4th Sleeve, White, XS"
2001-Black-L,"Droop Neck, Tank, Black, L"
2001-Black-M,"Droop Neck, Tank, Black, M"
2001-Black-S,"Droop Neck, Tank, Black, S"
2001-Black-XL,"Droop Neck, Tank, Black, XL"
2001-Black-XS,"Droop Neck, Tank, Black, XS"
2001-FuchsiaPurple-L,"Droop Neck, Tank, Fuchsia Purple, L"
2001-FuchsiaPurple-M,"Droop Neck, Tank, Fuchsia Purple, M"
2001-FuchsiaPurple-S,"Droop Neck, Tank, Fuchsia Purple, S"
2001-FuchsiaPurple-XL,"Droop Neck, Tank, Fuchsia Purple, XL"
2001-FuchsiaPurple-XS,"Droop Neck, Tank, Fuchsia Purple, XS"
2001-Navy-L,"Droop Neck, Tank, Navy, L"
2001-Navy-M,"Droop Neck, Tank, Navy, M"
2001-Navy-S,"Droop Neck, Tank, Navy, S"
2001-Navy-XL,"Droop Neck, Tank, Navy, XL"
2001-Navy-XS,"Droop Neck, Tank, Navy, XS"
2001-White-L,"Droop Neck, Tank, White, L"
2001-White-M,"Droop Neck, Tank, White, M"
2001-White-S,"Droop Neck, Tank, White, S"
2001-White-XL,"Droop Neck, Tank, White, XL"
2001-White-XS,"Droop Neck, Tank, White, XS"
201-Black-L,"Scoop Neck, Short Sleeve, Black, L"
201-Black-M,"Scoop Neck, Short Sleeve, Black, M"
201-Black-S,"Scoop Neck, Short Sleeve, Black, S"
201-Black-XL,"Scoop Neck, Short Sleeve, Black, XL"
201-Black-XS,"Scoop Neck, Short Sleeve, Black, XS"
201-Java-XS,"Modest Scoop, Short Sleeve, Java, XS"
201-White-L,"Scoop Neck, Short Sleeve, White, L"
201-White-M,"Scoop Neck, Short Sleeve, White, M"
201-White-S,"Scoop Neck, Short Sleeve, White, S"
201-White-XL,"Scoop Neck, Short Sleeve, White, XL"
201-White-XS,"Scoop Neck, Short Sleeve, White, XS"
202-Black-L,"Scoop Neck, Long Sleeve, Black, L"
202-Black-M,"Scoop Neck, Long Sleeve, Black, M"
202-Black-S,"Scoop Neck, Long Sleeve, Black, S"
202-Black-XL,"Scoop Neck, Long Sleeve, Black, XL"
202-Black-XS,"Scoop Neck, Long Sleeve, Black, XS"
202-Chili Pepper Red-L,"Modest Scoop, Long Sleeve, Chili Pepper Red, L"
202-Java-XS,"Modest Scoop, Long Sleeve, Java, XS"
202-Natural-L,"Scoop Neck, Long Sleeve, Natural, L"
202-Natural-M,"Scoop Neck, Long Sleeve, Natural, M"
202-Natural-S,"Scoop Neck, Long Sleeve, Natural, S"
202-Natural-XL,"Scoop Neck, Long Sleeve, Natural, XL"
202-Natural-XS,"Scoop Neck, Long Sleeve, Natural, XS"
202-Navy-L,"Scoop Neck, Long Sleeve, Navy, L"
202-Navy-M,"Scoop Neck, Long Sleeve, Navy, M"
202-Navy-S,"Scoop Neck, Long Sleeve, Navy, S"
202-Navy-XL,"Scoop Neck, Long Sleeve, Navy, XL"
202-Navy-XS,"Scoop Neck, Long Sleeve, Navy, XS"
202-White-L,"Scoop Neck, Long Sleeve, White, L"
202-White-M,"Scoop Neck, Long Sleeve, White, M"
202-White-S,"Scoop Neck, Long Sleeve, White, S"
202-White-XL,"Scoop Neck, Long Sleeve, White, XL"
202-White-XS,"Scoop Neck, Long Sleeve, White, XS"
230-Black-L,"Scoop, 3/4th Sleeve, Black, L"
230-Black-M,"Scoop, 3/4th Sleeve, Black, M"
230-Black-S,"Scoop, 3/4th Sleeve, Black, S"
230-Black-XL,"Scoop, 3/4th Sleeve, Black, XL"
230-Black-XS,"Scoop, 3/4th Sleeve, Black, XS"
230-FuchsiaPurple-L,"Scoop, 3/4th Sleeve, Fuchsia Purple, L"
230-FuchsiaPurple-M,"Scoop, 3/4th Sleeve, Fuchsia Purple, M"
230-FuchsiaPurple-S,"Scoop, 3/4th Sleeve, Fuchsia Purple, S"
230-FuchsiaPurple-XL,"Scoop, 3/4th Sleeve, Fuchsia Purple, XL"
230-FuchsiaPurple-XS,"Scoop, 3/4th Sleeve, Fuchsia Purple, XS"
230-SlateGray-L,"Scoop, 3/4th Sleeve, Slate Gray, L"
230-SlateGray-M,"Scoop, 3/4th Sleeve, Slate Gray, M"
230-SlateGray-S,"Scoop, 3/4th Sleeve, Slate Gray, S"
230-SlateGray-XL,"Scoop, 3/4th Sleeve, Slate Gray, XL"
230-SlateGray-XS,"Scoop, 3/4th Sleeve, Slate Gray, XS"
230-White-L,"Scoop, 3/4th Sleeve, White, L"
230-White-M,"Scoop, 3/4th Sleeve, White, M"
230-White-S,"Scoop, 3/4th Sleeve, White, S"
230-White-XL,"Scoop, 3/4th Sleeve, White, XL"
230-White-XS,"Scoop, 3/4th Sleeve, White, XS"
3000-Black,"Scarf, Black"
3000-Ivory,"Scarf, Ivory"
3000-Java,"Scarf, Java"
3000-Navy,"Scarf, Navy"
3000-SlateGray-OneSize,"Scarf, Slate Gray"
3000-White,"Scarf, White"
301-Black-L,"V-Neck, Short Sleeve, Black, L"
301-Black-M,"V-Neck, Short Sleeve, Black, M"
301-Black-S,"V-Neck, Short Sleeve, Black, S"
301-Black-XL,"V-Neck, Short Sleeve, Black, XL"
301-Black-XS,"V-Neck, Short Sleeve, Black, XS"
301-Natural-L,"V-Neck, Short Sleeve, Natural, L"
301-Natural-XL,"V-Neck, Short Sleeve, Natural, XL"
301-Natural-XS,"V-Neck,Short Sleeve, Natural, XS"
301-Navy-L,"V-Neck, Short Sleeve, Navy, L"
301-Navy-M,"V-Neck, Short Sleeve, Navy, M"
301-Navy-S,"V-Neck, Short Sleeve, Navy, S"
301-Navy-XL,"V-Neck, Short Sleeve, Navy, XL"
301-Navy-XS,"V-Neck, Short Sleeve, Navy, XS"
301-White-L,"V-Neck, Short Sleeve, White, L"
301-White-M,"V-Neck, Short Sleeve, White, M"
301-White-S,"V-Neck, Short Sleeve, White, S"
301-White-XL,"V-Neck, Short Sleeve, White, XL"
301-White-XS,"V-Neck, Short Sleeve, White, XS"
302-Black-L,"V-Neck, Long Sleeve, Black, L"
302-Black-M,"V-Neck, Long Sleeve, Black, M"
302-Black-S,"V-Neck, Long Sleeve, Black, S"
302-Black-XL,"V-Neck, Long Sleeve, Black, XL"
302-Black-XS,"V-Neck, Long Sleeve, Black, XS"
302-Bluestone-L,"V-Neck, Long Sleeve, Bluestone, L"
302-Bluestone-M,"V-Neck, Long Sleeve, Bluestone, M"
302-Bluestone-S,"V-Neck, Long Sleeve, Bluestone, S"
302-Bluestone-XL,"V-Neck, Long Sleeve, Bluestone, XL"
302-Bluestone-XS,"V-Neck, Long Sleeve, Bluestone, XS"
302-Natural-L,"V-Neck, Long Sleeve, Natural, L"
302-Natural-XL,"V-Neck, Long Sleeve, Natural, XL"
302-Natural-XS,"V-Neck, Long Sleeve, Natural, XS"
302-Navy-S,"V-Neck, Long Sleeve, Navy, S"
302-Navy-XL,"V-Neck, Long Sleeve, Navy, XL"
302-Navy-XS,"V-Neck, Long Sleeve, Navy, XS"
302-SlateGray-L,"V-Neck, Long Sleeve, Slate Gray, L"
302-SlateGray-M,"V-Neck, Long Sleeve, Slate Gray, M"
302-SlateGray-S,"V-Neck, Long Sleeve, Slate Gray, S"
302-SlateGray-XL,"V-Neck, Long Sleeve, Slate Gray, XL"
302-SlateGray-XS,"V-Neck, Long Sleeve, Slate Gray, XS"
302-White-L,"V-Neck, Long Sleeve, White, L"
302-White-M,"V-Neck, Long Sleeve, White, M"
302-White-S,"V-Neck, Long Sleeve, White, S"
302-White-XL,"V-Neck, Long Sleeve, White, XL"
302-White-XS,"V-Neck, Long Sleeve, White, XS"
3100-Navy,"Skinny Scarf, Navy"
401-Black-L,"Crew Neck, Short Sleeve, Black, L"
401-Black-M,"Crew Neck, Short Sleeve, Black, M"
401-Black-S,"Crew Neck, Short Sleeve, Black, S"
401-Black-XL,"Crew Neck, Short Sleeve, Black, XL"
401-Black-XS,"Crew Neck, Short Sleeve, Black, XS"
401-Ivory-L,"Crew Neck, Short Sleeve, Ivory, L"
401-Ivory-M,"Crew Neck, Short Sleeve, Ivory, M"
401-Ivory-S,"Crew Neck, Short Sleeve, Ivory, S"
401-Ivory-XL,"Crew Neck, Short Sleeve, Ivory, XL"
401-Ivory-XS,"Crew Neck, Short Sleeve, Ivory, XS"
401-Java-S,"Crew Neck, Short Sleeve, Java, S"
401-Java-XS,"Crew Neck, Short Sleeve, Java, XS"
401-Natural-L,"Crew Neck, Short Sleeve, Natural, L"
401-Natural-M,"Crew Neck, Short Sleeve, Natural, M"
401-Natural-S,"Crew Neck, Short Sleeve, Natural, S"
401-Natural-XL,Crew Neck - Short Sleeve - Natural - XL
401-Natural-XS,"Crew Neck, Short Sleeve, Natural, XS"
401-Navy-L,"Crew Neck, Short Sleeve, Navy, L"
401-Navy-M,"Crew Neck, Short Sleeve, Navy, M"
401-Navy-S,"Crew Neck, Short Sleeve, Navy, S"
401-Navy-XL,"Crew Neck, Short Sleeve, Navy, XL"
401-Navy-XS,"Crew Neck, Short Sleeve, Navy, XS"
401-White-L,"Crew Neck, Short Sleeve, White, L"
401-White-M,"Crew Neck, Short Sleeve, White, M"
401-White-S,"Crew Neck, Short Sleeve, White, S"
401-White-XL,"Crew Neck, Short Sleeve, White, XL"
401-White-XS,"Crew Neck, Short Sleeve, White, XS"
402-Black-L,"Crew Neck, Long Sleeve, Black, L"
402-Black-M,"Crew Neck, Long Sleeve, Black, M"
402-Black-S,"Crew Neck, Long Sleeve, Black, S"
402-Black-XL,"Crew Neck, Long Sleeve, Black, XL"
402-Black-XS,"Crew Neck, Long Sleeve, Black, XS"
402-Bluestone-L,"Crew Neck, Long Sleeve, Bluestone, L"
402-Bluestone-M,"Crew Neck, Long Sleeve, Bluestone, M"
402-Bluestone-S,"Crew Neck, Long Sleeve, Bluestone, S"
402-Bluestone-XL,"Crew Neck, Long Sleeve, Bluestone, XL"
402-Bluestone-XS,"Crew Neck, Long Sleeve, Bluestone, XS"
402-ChiliPepperRed-L,"Crew Neck, Long Sleeve, Chili Pepper Red, L"
402-ChiliPepperRed-M,"Crew Neck, Long Sleeve, Chili Pepper Red, M"
402-ChiliPepperRed-S,"Crew Neck, Long Sleeve, Chili Pepper Red, S"
402-ChiliPepperRed-XL,"Crew Neck, Long Sleeve, Chili Pepper Red, XL"
402-ChiliPepperRed-XS,"Crew Neck, Long Sleeve, Chili Pepper Red, XS"
402-FuchsiaPurple-L,"Crew Neck, Long Sleeve, Fuchsia Purple, L"
402-FuchsiaPurple-M,"Crew Neck, Long Sleeve, Fuchsia Purple, M"
402-FuchsiaPurple-S,"Crew Neck, Long Sleeve, Fuchsia Purple, S"
402-FuchsiaPurple-XL,"Crew Neck, Long Sleeve, Fuchsia Purple, XL"
402-FuchsiaPurple-XS,"Crew Neck, Long Sleeve, Fuchsia Purple, XS"
402-Ivory-L,"Crew Neck, Long Sleeve, Ivory, L"
402-Ivory-M,"Crew Neck, Long Sleeve, Ivory, M"
402-Ivory-S,"Crew Neck, Long Sleeve, Ivory, S"
402-Ivory-XL,"Crew Neck, Long Sleeve, Ivory, XL"
402-Ivory-XS,"Crew Neck, Long Sleeve, Ivory, XS"
402-Java-XS,"Crew Neck, Long Sleeve, Java, XS"
402-Navy-L,"Crew Neck, Long Sleeve, Navy, L"
402-Navy-M,"Crew Neck, Long Sleeve, Navy, M"
402-Navy-S,"Crew Neck, Long Sleeve, Navy, S"
402-Navy-XL,"Crew Neck, Long Sleeve, Navy, XL"
402-Navy-XS,"Crew Neck, Long Sleeve, Navy, XS"
402-Navy-XXL,"Crew Neck, Long Sleeve, Navy, XXL"
402-SlateGray-L,"Crew Neck, Long Sleeve, Slate Gray, L"
402-SlateGray-M,"Crew Neck, Long Sleeve, Slate Gray, M"
402-SlateGray-S,"Crew Neck, Long Sleeve, Slate Gray, S"
402-SlateGray-XL,"Crew Neck, Long Sleeve, Slate Gray, XL"
402-SlateGray-XS,"Crew Neck, Long Sleeve, Slate Gray, XS"
402-White-L,"Crew Neck, Long Sleeve, White, L"
402-White-M,"Crew Neck, Long Sleeve, White, M"
402-White-S,"Crew Neck, Long Sleeve, White, S"
402-White-XL,"Crew Neck, Long Sleeve, White, XL"
402-White-XS,"Crew Neck, Long Sleeve, White, XS"
501-Black-L,"Tank Scoop Neck, Black, L"
501-Black-M,"Tank Scoop Neck, Black, M"
501-Black-S,"Tank Scoop Neck, Black, S"
501-Black-XL,"Tank Scoop Neck, Black, XL"
501-Black-XS,"Tank Scoop Neck, Black, XS"
501-Bluestone-L,"Tank Scoop Neck, Bluestone, L"
501-Bluestone-M,"Tank Scoop Neck, Bluestone, M"
501-Bluestone-S,"Tank Scoop Neck, Bluestone, S"
501-Bluestone-XL,"Tank Scoop Neck, Bluestone, XL"
501-Bluestone-XS,"Tank Scoop Neck, Bluestone, XS"
501-ChiliPepperRed-L,"Tank Modest Scoop, Chili Pepper Red, L"
501-ChiliPepperRed-M,"Tank Modest Scoop, Chili Pepper Red, M"
501-ChiliPepperRed-S,"Tank Modest Scoop, Chili Pepper Red, S"
501-ChiliPepperRed-XL,"Tank Modest Scoop, Chili Pepper Red, XL"
501-ChiliPepperRed-XS,"Tank Modest Scoop, Chili Pepper Red, XS"
501-FuchsiaPurple-L,"Tank Scoop Neck, Fuchsia Purple, L"
501-FuchsiaPurple-M,"Tank Scoop Neck, Fuchsia Purple, M"
501-FuchsiaPurple-S,"Tank Scoop Neck, Fuchsia Purple, S"
501-FuchsiaPurple-XL,"Tank Scoop Neck, Fuchsia Purple, XL"
501-FuchsiaPurple-XS,"Tank Scoop Neck, Fuchsia Purple, XS"
501-Ivory-L,"Tank Scoop Neck, Ivory, L"
501-Ivory-M,"Tank Scoop Neck, Ivory, M"
501-Ivory-S,"Tank Scoop Neck, Ivory, S"
501-Ivory-XL,"Tank Scoop Neck, Ivory, XL"
501-Ivory-XS,"Tank Scoop Neck, Ivory, XS"
501-Natural-XS,"Tank Modest Scoop, Natural, XS"
501-Navy-L,"Tank Scoop Neck, Navy, L"
501-Navy-M,"Tank Scoop Neck, Navy, M"
501-Navy-S,"Tank Scoop Neck, Navy, S"
501-Navy-XL,"Tank Scoop Neck, Navy, XL"
501-Navy-XS,"Tank Scoop Neck, Navy, XS"
501-SlateGray-L,"Tank Scoop Neck, Slate Gray, L"
501-SlateGray-M,"Tank Scoop Neck, Slate Gray, M"
501-SlateGray-S,"Tank Scoop Neck, Slate Gray, S"
501-SlateGray-XL,"Tank Scoop Neck, Slate Gray, XL"
501-SlateGray-XS,"Tank Scoop Neck, Slate Gray, XS"
501-White-L,"Tank Scoop Neck, White, L"
501-White-M,"Tank Scoop Neck, White, M"
501-White-S,"Tank Scoop Neck, White, S"
501-White-XL,"Tank Scoop Neck, White, XL"
501-White-XS,"Tank Scoop Neck, White, XS"
601-Black-L,"Camisole, Black, L"
601-Black-M,"Camisole, Black, M"
601-Black-S,"Camisole, Black, S"
601-Black-XL,"Camisole, Black, XL"
601-Black-XS,"Camisole, Black, XS"
601-Natural-L,"Camisole, Natural, L"
601-Natural-XL,"Camisole, Natural, XL"
601-White-L,"Camisole, White, L"
601-White-M,"Camisole, White, M"
601-White-S,"Camisole, White, S"
601-White-XL,"Camisole, White, XL"
601-White-XS,"Camisole, White, XS"
7.62 New Tax,Denver Metro
701-Black-L,"Mock Elbow, Black, L"
701-Black-M,"Mock Elbow, Black, M"
701-Black-S,"Mock Elbow, Black, S"
701-Black-XL,"Mock Elbow, Black, XL"
701-Black-XS,"Mock Elbow, Black, XS"
801-Black-L,"Turtleneck Tank, Black, L"
801-Black-M,"Turtleneck Tank, Black, M"
801-Black-S,"Turtleneck Tank, Black, S"
801-Black-XL,"Turtleneck Tank, Black, XL"
801-Black-XS,"Turtleneck Tank, Black, XS"
801-SlateGray-L,"Turtleneck Tank, Slate Gray, L"
801-SlateGray-M,"Turtleneck Tank, Slate Gray, M"
801-SlateGray-S,"Turtleneck Tank, Slate Gray, S"
801-SlateGray-XL,"Turtleneck Tank, Slate Gray, XL"
801-SlateGray-XS,"Turtleneck Tank, Slate Gray, XS"
801-White-L,"Turtleneck Tank, White, L"
801-White-M,"Turtleneck Tank, White, M"
801-White-S,"Turtleneck Tank, White, S"
801-White-XL,"Turtleneck Tank, White, XL"
801-White-XS,"Turtleneck Tank, White, XS"
802-Black-L,"Turtleneck, Black, L"
802-Black-M,"Turtleneck, Black, M"
802-Black-S,"Turtleneck, Black, S"
802-Black-XL,"Turtleneck, Black, XL"
802-Black-XS,"Turtleneck, Black, XS"
802-Bluestone-L,"Turtleneck, Bluestone, L"
802-Bluestone-M,"Turtleneck, Bluestone, M"
802-Bluestone-S,"Turtleneck, Bluestone, S"
802-Bluestone-XL,"Turtleneck, Bluestone, XL"
802-Bluestone-XS,"Turtleneck, Bluestone, XS"
802-ChiliPepperRed-L,"Turtleneck, Chili Pepper Red, L"
802-ChiliPepperRed-M,"Turtleneck, Chili Pepper Red, M"
802-ChiliPepperRed-S,"Turtleneck, Chili Pepper Red, S"
802-ChiliPepperRed-XL,"Turtleneck, Chili Pepper Red, XL"
802-ChiliPepperRed-XS,"Turtleneck, Chili Pepper Red, XS"
802-FuchsiaPurple-L,"Turtleneck, Fuchsia Purple, L"
802-FuchsiaPurple-M,"Turtleneck, Fuchsia Purple, M"
802-FuchsiaPurple-S,"Turtleneck, Fuchsia Purple, S"
802-FuchsiaPurple-XL,"Turtleneck, Fuchsia Purple, XL"
802-FuchsiaPurple-XS,"Turtleneck, Fuchsia Purple, XS"
802-Ivory-L,"Turtleneck, Ivory, L"
802-Ivory-M,"Turtleneck, Ivory, M"
802-Ivory-S,"Turtleneck, Ivory, S"
802-Ivory-XL,"Turtleneck, Ivory, XL"
802-Ivory-XS,"Turtleneck, Ivory, XS"
802-Java-XS,"Turtleneck, Java, XS"
802-Navy-L,"Turtleneck, Navy, L"
802-Navy-M,"Turtleneck, Navy, M"
802-Navy-S,"Turtleneck, Navy, S"
802-Navy-XL,"Turtleneck, Navy, XL"
802-Navy-XS,"Turtleneck, Navy, XS"
802-SlateGray-L,"Turtleneck, Slate Gray, L"
802-SlateGray-M,"Turtleneck, Slate Gray, M"
802-SlateGray-S,"Turtleneck, Slate Gray, S"
802-SlateGray-XL,"Turtleneck, Slate Gray, XL"
802-SlateGray-XS,"Turtleneck, Slate Gray, XS"
802-White-L,"Turtleneck, White, L"
802-White-M,"Turtleneck, White, M"
802-White-S,"Turtleneck, White, S"
802-White-XL,"Turtleneck, White, XL"
802-White-XS,"Turtleneck,White, XS"
9001-Black-L,"Men's Crew Neck, Short Sleeve, Black, L"
9001-Black-M,"Men's Crew Neck, Short Sleeve, Black, M"
9001-Black-S,"Men's Crew Neck, Short Sleeve, Black, S"
9001-Black-XL,"Men's Crew Neck, Short Sleeve, Black, XL"
9001-Black-XXL,"Men's Crew Neck, Short Sleeve, Black, XXL"
9001-White-L,"Men's Crew Neck, Short Sleeve, White, L"
9001-White-M,"Men's Crew Neck, Short Sleeve, White, M"
9001-White-S,"Men's Crew Neck, Short Sleeve, White, S"
9001-White-XL,"Men's Crew Neck, Short Sleeve, White, XL"
9001-White-XXL,"Men's Crew Neck, Short Sleeve, White, XXL"
901-Black-L,"Racerback, Black, L"
901-Black-M,"Racerback, Black, M"
901-Black-S,"Racerback, Black, S"
901-Black-XL,"Racerback, Black, XL"
901-Black-XS,"Racerback, Black, XS"
901-Java-XL,"Racerback, Java, XL"
901-Navy-L,"Racerback, Navy, L"
901-Navy-M,"Racerback, Navy, M"
901-Navy-S,"Racerback, Navy, S"
901-Navy-XL,"Racerback, Navy, XL"
901-Navy-XS,"Racerback, Navy, XS"
