customer_id,city,state,zip
1583,Delray Beach,FL,33484
1146,Coral Gables,FL,33134
570,Grosse Pointe Farms,MI,48236
545,raleigh,NC,27609
539,Charlotte,NC,28203
452,Uniontown,OH,44685
1453,Danbury,NC,27016-7337
1614,Middleton,WI,53562-5133
971,Estes Park,CO,80517
879,San Francisco,CA,94123
1276,Denver,CO,80230
213,Littleton,CO,80127
792,Washington,DC,20008
673,Dallas,TX,75230
1731,San Francisco,CA,94129
769,Glastonbury,CT,6033
1027,Evergreen,CO,80439
1013,Denver,CO,80223
1033,DENVER,CO,80236
1036,Encampment,WY,82325
1039,Golden,CO,80403
1010,Denver,CO,80210
1025,Paonia,CO,81428
1008,Evans,CO,80620
1038,Broomfield,CO,80023
1012,Fort Collins,CO,80524
1043,Steamboat Springs,CO,80487
1017,Aurora,CO,80013
1021,Centennial,CO,80121
1019,Windsor,CO,80550
1018,Denver,CO,80218
1031,Appleton,WI,54911
1028,Aurora,CO,80012
1015,Steamboat Springs,CO,80487
1045,Golden,CO,80401-6503
1022,Westcliffe,CO,81252
1026,Temecula,CA,92592
1009,Iliff,CO,80736
1023,Boulder,CO,80303
1024,Loveland,CO,80538
1020,Littleton,CO,80123
1358,Saratoga,CA,95070
1348,Denver,CO,80210
1359,Santa Fe,nm,87506
1295,Marathon,WI,54448
1259,Portsmouth,RI,2871
533,Seattle,WA,98119
1329,San Francisco,CA,94122
1357,Mendon,MA,1756
1360,Greenwood Village,CO,80111
233,Boulder,CO,80305
1370,Denver,CO,80206
1445,Denver,CO,80220
741,Chicago,IL,60610
545,raleigh,NC,27609
741,Chicago,IL,60610
1453,Danbury,NC,27016-7337
741,Chicago,IL,60610
414,Hopkinton,MA,1748
1208,Menlo Park,CA,94025
885,MorristownNj,NJ,7960
1438,San Francisco,CA,94118
1297,Watertown,WI,53098
539,Charlotte,NC,28203
1441,Melrose,MA,2176
1440,Washington,DC,20007
653,Louisville,CO,80027
42,Vail,CO,81657
14,Portland,OR,97215
471,Aurora,CO,80015
387,Seattle,WA,98105
680,San Francisco,CA,94115
814,Mill Valley,CA,94941
768,Brooklyn,NY,11215
502,Brooklyn,NY,11231
841,los altos hills,CA,94022
233,Boulder,CO,80305
554,Charlotte,NC,28209
671,Inverness,IL,60010
654,Saint Charles,IL,60174
44,Austin,TX,78701
766,Louisville,KY,40299
368,Sedalia,CO,80135
850,shreveport,LA,71106
459,Rancho Santa Fe,CA,92091
773,Houston,TX,77024
1478,Denver,CO,80237
636,Paso Robles,CA,93446
754,Houston,TX,77005
1605,Greensboro,NC,27403
373,Long Beach,CA,90808
735,Los Altos,CA,94024
68,Aurora,CO,80010
14,Portland,OR,97215
9001,Salinas,CA,93901
1404,Austin,TX,78704
1413,Salt Lake City,UT,84121
1299,Brookline,MA,2445
1031,Kaukauna,WI,54130
1416,Longwood,FL,32750
1652,San Antonio,TX,78204
266,Denver,CO,80210
1438,San Francisco,CA,94118
1236,Corpus christi,TX,78413
379,Nantucket,MA,2554
355,Ballwin,MO,63021
1141,Denver,CO,80237
308,morton,IL,61550
1366,Eugene,OR,97405
1358,Saratoga,CA,95070
1193,San Francisco,CA,94114
741,Chicago,IL,60610
491,Neenah,WI,54956
1472,Camden,ME,4843
1584,San Francisco,CA,94118
1104,Syracuse,NY,13214
452,Uniontown,OH,44685
885,MorristownNj,NJ,7960
1574,Denver,CO,80210
885,MorristownNj,NJ,7960
1575,Akron,OH,44313
971,Omaha,NE,68022
800,MANCHESTER,VT,5254
1453,Danbury,NC,27016-7337
591,Denver,CO,80203
491,Neenah,WI,54956
1487,Chicago,IL,60641
1636,Alameda,CA,94501
735,Los Altos,CA,94024
1754,Atlanta,GA,30319
1752,Basalt,CO,81621
1322,Los Altos,CA,94024
1750,Inverness,IL,60067
1450,Carmel,CA,93923
1361,Glenview,IL,60025
581,Culver City,CA,90230
1471,Greensburg,PA,15601
1471,GREENSBURG,PA,15601-3014
1466,Raleigh,NC,27609
1398,Moab,UT,84532
414,Hopkinton,MA,1748
397,Apalachicola,FL,32320
1460,Washington,DC,20016-5552
1377,San Antonio,TX,78229
1346,potomac,MD,20854
491,Neenah,WI,54956
1358,Saratoga,CA,95070
971,Waterloo,NE,68069
1133,Hilton head,SC,29926
1453,Danbury,NC,27016-7337
1233,Austin,TX,78703
1487,Lake Forest,IL,60045
1584,San Francisco,CA,94118
1003,Boerne,TX,78006
1521,Evergreen,CO,80439
1361,Glenview,IL,60025
674,Littleton,CO,80128
1327,Albany,NY,12204
90,San Francisco,CA,94123
1544,San Francisco,CA,94115
233,Boulder,CO,80305
1605,Greensboro,NC,27403
1453,Danbury,NC,27016-7337
846,Dallas,TX,75225
1456,Denver,CO,80210
732,Denver,CO,80210
1194,Sussex,WI,53089
1736,Los Altos,CA,94024
1259,Portsmouth,RI,2871
1744,st thomas,VI,803
1770,Heber city,UT,84032
1062,Denver,CO,80246
106,Denver,CO,80224
194,Denver,CO,80224-2826
194,Denver,CO,80224-2826
1284,Greenwood Village,CO,80111
1279,Denver,CO,80210
802,Newport  Beach,CA,92662
1641,Boerne,TX,78006
414,Hopkinton,MA,1748
1639,SISTERS,OR,97759
1453,Danbury,NC,27016-7337
1510,brookline,MA,2446
1487,Chicago,IL,60641
241,Sparta,NJ,7871
454,Austin,TX,78739
454,Austin,TX,78739
640,Webster,WI,54893
591,Denver,CO,80203
13,Denver,CO,80203
13,Denver,CO,80203
13,Denver,CO,80203
1556,Aurora,CO,80016
250,Brewster,WA,98812
1485,Lafayette,LA,70501
950,Santa Fe,NM,87505
1611,PORTLAND,OR,97212
1735,KETCHUM,ID,833401300
1480,Hopkinton,MA,1748
1560,west newton,MA,2465
1661,Rockville,MD,20850-6729
581,Culver City,CA,90230
651,Englewood,CO,80113
1592,Birmingham,AL,35205
1598,Washington,DC,20016
1520,Loveland,CO,80537
208,Menlo Park,CA,94025
1377,San Antonio,TX,78229
1368,San Francisco,CA,94133
1348,Denver,CO,80210
1292,Somerset,PA,15501
1071,River Hills,WI,53217
469,Narberth,PA,19072
452,Uniontown,OH,44685
1263,Malvern,IA,51551
885,MorristownNj,NJ,7960
247,Castle Pines,CO,80108
1260,Oneonta,NY,13820
1232,Glendora,CA,91740
721,West Simsbury,CT,6092
273,Los Angeles,CA,90027
236,Loveland,CO,80538
1223,SAN DIEGO,CA,92120
261,Allen,TX,75013
1005,Honolulu,HI,96816
1218,Carmel,CA,93923
1293,Denver,CO,80210
395,San Francisco,CA,94110-2317
784,Baltimore,MD,21211
1259,Portsmouth,RI,2871
1259,Portsmouth,RI,2871
516,oakland,CA,94612
1226,Los altos hills,CA,94022
977,Melrose,MA,2176
863,Round Rock,TX,78665
1290,Denver,CO,80224
1279,Denver,CO,80210
1291,Denver,CO,80222
1282,Denver,CO,80210
1288,Mattapoisett,MA,2739
517,wayne,PA,19087
1461,Charlotte,NC,28277
237,Wheeling,IL,60090
1640,Los Altos,CA,94022
1286,Winston Salem,NC,27101
409,denver,CO,80210
656,Denver,CO,80210
752,Denver,CO,80222
1347,San Francisco,CA,94115
1037,Sugar Hill,GA,30518
1753,WALTHAM,MA,2453
1035,Lafayette,CO,80026
1346,potomac,MD,20854
1110,Greenwich,CT,6830
1377,San Antonio,TX,78229
1146,Miami,FL,33133
308,morton,IL,61550
42,DENVER,CO,80206
241,Sparta,NJ,7871
1247,Mill Valley,CA,94941
358,San Francisco,CA,94117
216,Lawrenceville,NJ,8648
1378,Los Altos,CA,94022
9071,Pebble Beach,CA,93953
1242,Greensburg,PA,15601
1217,Fremont,CA,94539-5442
1460,Washington,DC,20009
1720,Los Angeles,CA,90046
1759,Dallas,TX,75219
1031,Kaukauna,WI,54130
1713,Steilacoom,WA,98303
1708,Ocean View,HI,96737
984,Houston,TX,77056
1658,Cupertino,CA,95014
1673,Menlo Park,CA,94025
9040,Denver,CO,80220
1388,Pittsford,NY,14534-4710
1548,Harrisburg,IL,62946
213,Littleton,CO,80127
1284,Greenwood Village,CO,80111
705,western springs,IL,60558
1590,Williamsville,NY,14231
1654,Denver,CO,80246
1435,Denver,CO,80210-3023
869,Portland,OR,97201
1315,Egg Harbor,WI,54209
1571,"Northbrook, IL",IL,60062
1104,Syracuse,NY,13214
1453,Danbury,NC,27016-7337
1453,Danbury,NC,27016-7337
1451,Breckenridge,CO,80424
2,Denver,CO,80224
1390,Los Altos,CA,94024
1641,Boerne,TX,78006
545,raleigh,NC,27609
9016,Santa Fe,NM,87507
658,juno beach,FL,33408
1659,atherton,CA,94027
602,New HOpe,PA,18938
697,Los Angeles,CA,90038
914,Bronxville,NY,10708
1172,Woodland Hills,CA,91367
576,floral park,NY,11002
915,Long Beach,CA,90803
909,Simi Valley,CA,93063
934,Renton,WA,98055
572,Los Angeles,CA,90069
743,saint petersburg,FL,33704
685,Poulsbo,WA,98370
1156,Youngstown,NY,14174
727,woodland hills,CA,91367
655,Kelso,WA,98626
566,Los Angeles,CA,90026
625,Colorado Springs,CO,80909
913,new york,NY,10013
948,new york,NY,10019
1171,Park City,UT,84098
569,bethlehem,PA,18015
734,Pacific Palisades,CA,90272
701,Garden City,NY,11530
723,Scottsdale,AZ,85258
581,Los Angeles,CA,90025
938,Canton,MI,48187
923,Madison,CT,6443
744,Encino,CA,91436
645,Birmingham,AL,35259
661,Minneapolis ,MN,55401
615,Winter Park,FL,32789
912,Port Jervis,NY,12771
894,Elk Grove,CA,95624
330,Pelican Rapids,MN,56572
940,fayetteville,GA,30215
905,Hermosa Beach,CA,90254
594,Playa Vista,CA,90094
1032,Cambridge,MA,2139
643,Youngstown,NY,14174
588,PISCATAWAY,NJ,8854
895,Southampton,NY,11968
1167,South Bend,IN,46613
567,mountain view,CA,94041
281,Cranford,NJ,7016
592,pacific palisades,CA,90272
953,Encino,CA,91316
1125,Avon,CT,6001
302,Wheat Ridge,CO,80033
600,Fort Worth,TX,76053
590,Hilton Head,SC,29926
927,Los Angeles ,CA,90026
1111,brooklyn,NY,11238
1173,Antioch,CA,94531
1110,GREENWICH,CT,6830
580,Los Angeles,CA,90028
644,ames,IA,50010
916,San dimas ,CA,91773
1129,Salt Lake City,UT,84103
607,Madison,CT,6443
578,Boston,MA,2116
1130,Louisville ,KY,40220
571,jupiter,FL,33458
611,new york,NY,10107
581,Los Angeles,CA,90025
926,Madison,WI,53705
616,Coral Springs,FL,33067
582,Danville,CA,94506
603,Little Rock,AR,72204
334,Dobbs Ferry,NY,10522
568,Los Angeles ,CA,90046
903,Montgomery,IL,60538
596,Coral Springs,FL,33071
933,Los Angeles,CA,90020
575,Maplewood,NJ,7040
595,RICHMOND,VA,23219
1150,New York,NY,10029
717,San Diego,CA,92138
899,Briarcliff Manor,NY,10510
900,Austin,TX,78750
996,Montclair,NJ,7042
930,Los Angeles,CA,90065
679,Montgomery,IL,60538
897,weston,FL,33326
901,Upper Montclair,NJ,7043
1434,Denver,CO,80211
892,Cambridge,MA,2138
1396,Charlotte,NC,28277
1356,Stamford,CT,6903
1382,Camarillo,CA,93012
1361,Glenview,IL,60025
1418,Centennial,CO,80112
1193,San Francisco,CA,94114
584,Upper Saddle River,NJ,7458
562,New York,NY,10028
1155,Santa Fe,NM,87506
1155,Santa Fe,NM,87506
795,Fort Worth,TX,76116
273,Los Angeles,CA,90027
792,Washington,DC,20008
519,Imperial Beach,CA,91932
769,Colchester,CT,6415
885,MorristownNj,NJ,7960
1374,Wheaton,IL,60187
1506,Austin,TX,78731
322,Lafayette,CA,94549
1453,Danbury,NC,27016-7337
1004,Norwood,NJ,7648
1493,Boca Raton,FL,33496
1506,Austin,TX,78731
554,Charlotte,NC,28209
1334,Golden,CO,80402
250,Brewster,WA,98812
562,New York,NY,10028
491,Neenah,WI,54956
1298,Denver,CO,80238
5,Summerville,SC,29483
241,Sparta,NJ,7871
1353,Golden,CO,80403
838,san anselmo,CA,94960
633,Emerald Hills,CA,94062
1162,Carlsbad,CA,92009
42,Edwards,CO,81632
491,Neenah,WI,54956
213,Littleton,CO,80127
1289,carthage,TN,37030
543,Lebanon,NJ,8833
1155,Santa Fe,NM,87506
581,Culver City,CA,90230
1026,Temecula,CA,92592
1258,SHORELINE,WA,98177
1233,Austin,TX,78703
1133,Hilton head,SC,29926
795,Fort Worth,TX,76116
1408,Bloomfield Hills,MI,48302-2715
700,Huntington,NY,11743
1613,Houston,TX,77098
869,Portland,OR,97201
865,Grayslake,IL,60030
1155,SANTA FE,NM,87506
724,San rafael,CA,94903
1401,Houston,TX,77005
1394,Arvada,CO,80003
800,MANCHESTER,VT,5254
632,San Rafael,CA,94903
1101,Saint Louis,MO,63105
1335,Rochester,NY,14626f
1329,San Francisco,CA,94122
334,Dobbs Ferry,NY,10522
1404,Austin,TX,78704
1174,Fort Lauderdale,FL,33316
81,Boulder,CO,80304
87,Denver,CO,80210
1417,Potomac,MD,20854
1342,Del Mar,CA,92014
1363,Whitefish Bay,WI,53211
1351,Denver,CO,80247
1389,Saint Louis,MO,63117
1371,Henderson,NV,89012
1409,Charlotte,NC,28211
1330,Atlanta,GA,31126
1388,Pittsford,NY,14534-4710
1391,Las Vegas,NV,89134
1365,Castle Rock,CO,80108
1332,Piedmont,CA,94611
622,Carmel,CA,93921
1387,Sunnyvale,CA,94087
1415,Chicago,IL,60610
1331,tiburon,CA,94920
1368,San Francisco,CA,94133
1414,Denver,CO,80210
1377,San Antonio,TX,78229
1381,Daly City,CA,94015
1378,Los Altos,CA,94022
1411,Cupertino,CA,95014
651,Englewood,CO,80113
799,Tiburon,CA,94920
651,Englewood,CO,80113
1639,Black  Butte Ranch,OR,97759
1562,Denver,CO,80237
1288,Mattapoisett,MA,2739
1510,brookline,MA,2446
1031,Kaukauna,WI,54130
1468,Palo Alto,CA,94301
680,San Francisco,CA,94115
1487,Chicago,IL,60641-1469
213,Littleton,CO,80127
977,Melrose,MA,2176
1398,Moab,UT,84532
636,Paso Robles,CA,93446
1499,Alpharetta,GA,30005
720,New York,NY,10022
720,New York,NY,10022
395,San Francisco,CA,94110-2317
1571,"Northbrook, IL",IL,60062
1411,Cupertino,CA,95014
1453,Danbury,NC,27016-7337
1453,Danbury,NC,27016-7337
1452,Sedona,AZ,86351
1569,New Hartford,NY,13413
373,Long Beach,CA,90808
1477,Inverness,IL,60067
570,Grosse Pointe Farms,MI,48236
1377,San Antonio,TX,78229
1435,Denver,CO,80210
1139,Longmont ,CO,80504
765,Shelley,ID,83274
1263,Malvern,IA,51551
237,Wheeling,IL,60090
1031,Kaukauna,WI,54130
1155,SANTA FE,NM,87506
1288,Mattapoisett,MA,2739
829,Stamford,CT,6903
241,Sparta,NJ,7871
1523,Monument,CO,80132
1475,Delray Beach,FL,33484
1196,Los Altos,CA,94022
1573,Pleasanton,TX,78064
1530,Highlands Ranch,CO,80126
829,Stamford,CT,6903
1510,brookline,MA,2446
1520,Loveland,CO,80537
1536,Glencoe,IL,60022
1553,Denver,CO,80210
1521,Evergreen,CO,80439
626,Centennial,CO,80122
443,Cherry Hills Village,CO,80113
613,Windsor,CO,80550
608,Denver,CO,80206
1286,Winston Salem,NC,27101
1493,Boca raton,FL,33496
9003,Church Hill,MD,21623
517,st davids,PA,19087
1453,Danbury,NC,27016-7337
1460,Washington,DC,20016-5552
1515,Randolph,NJ,7869
84,Charlotte,NC,28207
798,denver,CO,80210
1487,Chicago,IL,60641-1469
1374,Wheaton,IL,60187
554,Charlotte,NC,28209
308,morton,IL,61550
640,Webster,WI,54893
721,West Simsbury,CT,6092
216,Lawrenceville,NJ,8648
636,Paso Robles,CA,93446
562,New York,NY,10028
797,Philadelphia,PA,19106
709,Seattle,WA,98136
700,Huntington,NY,11743
1411,Cupertino,CA,95014
1636,Alameda,CA,94501
9076,Highlands Ranch,CO,80129
1258,Edmonds,WA,98020
545,raleigh,NC,27609
1735,KETCHUM,ID,833401300
1487,Lake Forest,IL,60045
1330,Atlanta,GA,31126
1610,Palo Alto,CA,94301
1217,Fremont,CA,94539
503,Matthews,NC,28104
100,Angwin,CA,94508
539,Charlotte,NC,28203
1435,Denver,CO,80210-3023
1409,Charlotte,NC,28211
1354,Sacramento,CA,95864
1481,Denver,CO,80207
12,Burlington,NC,27217
1596,Bainbridge Is,WA,98110
1453,Danbury,NC,27016-7337
1315,Oconomowoc,WI,53066
1510,brookline,MA,2446
1388,Pittsford,NY,14534-4710
1453,Danbury,NC,27016-7337
885,MorristownNj,NJ,7960
1233,Austin,TX,78703
1001,Boca raton,Fl,33496
1001,Boca raton,FL,33496
1345,Los Altos,CA,94024
1297,Watertown,WI,53098
533,Seattle,WA,98119
754,Houston,TX,77005
1098,Denton,TX,76209
1095,Burleson ,TX,76028
1096,Dallas,TX,75205
1094,Granbury,TX,76049
1090,Benbrook ,TX,76126
1092,Irving,TX,75061
398,Fort Worth,TX,76107
351,Greenville,DE,19807
61,Eugene,OR,97402
485,WOODSIDE,CA,94062
328,Gloucester,MA,1930
632,san rafael,CA,94903
636,Paso Robles,CA,93446
491,Neenah,WI,54956
266,Littleton,CO,80123
630,San Francisco,CA,94129
628,Saint Peter,MN,56082
382,Clinton,IL,61727
633,Emerald Hills,CA,94062
629,Mill Valley,CA,94941
42,Vail,CO,81657
631,COLUMBIA,MD,21045
608,Denver,CO,80206
273,Los Angeles,CA,90027
617,La Grande,OR,97850
322,Lafayette,CA,94549
637,La Grande,OR,97850
205,Jersey City,NJ,7307
517,st davids,PA,19087
633,Emerald Hills,CA,94062
462,Clinton,IL,61727
1202,Carmel,CA,93922
1031,Appleton,WI,54911
671,Inverness,IL,60010
654,Saint Charles,IL,60174
233,Boulder,CO,80305
1258,Shoreline,WA,98177
68,Aurora,CO,80010
624,oakland,CA,94612
95,Hartsdale,NY,10305
627,Campbell Hall,NY,10916
1231,Arvada,CO,80007
1231,Arvada,CO,80007
1429,Denver,CO,80210
1606,Alamo,CA,94507
1618,Colleyville,TX,76034
1338,Appleton,WI,54913
1510,brookline,MA,2446
1644,DENVER,CO,80205
1146,Coral Gables,FL,33134
846,Dallas,TX,75225
545,raleigh,NC,27609
1479,Westcliffe,CO,81252
1645,Denver,CO,80222
657,Castle Rock,CO,80108
463,Hickory Hills,IL,60457
471,Aurora,CO,80015
1217,Fremont,CA,94539
1533,Novato,CA,94949
1542,durham,NC,27712
1516,Portland,OR,97215
1512,ATASCADERO,CA,93422
1761,Middletown,DE,19709
1453,Danbury,NC,27016-7337
1398,Moab,UT,84532
1512,Atascadero,CA,93422
1450,Carmel,CA,93923
1460,Washington,DC,20016-5552
554,Charlotte,NC,28209
1271,Santa Clara,CA,95051
373,Long Beach,CA,90808
1280,Denver,CO,80224
826,San Antonio,TX,78256
1090,Benbrook,TX,76126
16,Denver,CO,80205
322,Lafayette,CA,94549
1272,Carlsbad,CA,92013
1217,Fremont,CA,94539
1031,Appleton,WI,54911
1121,Clinton,CT,6413
608,Denver,CO,80206
570,Grosse Pointe Farms,MI,48236
1148,Littleton,CO,80128
1148,Littleton,CO,80128
831,Denver,CO,80224
474,Portland,OR,97215
435,Happy Valley,OR,97086
795,Fort Worth,TX,76116
408,Atlanta,GA,30306
25,Excelsior,MN,55331
418,Everett,MA,2149
660,McLean,VA,22101
804,Denver,CO,80210
803,Cambridge,MA,2141
252,Lexington,KY,40513
623,University Park,MD,20782
829,Stamford,CT,6903
808,St. Louis,MO,63117
825,Brentwood,TN,37027
737,San Miguel,CA,93451
660,McLean,VA,22101
308,morton,IL,61550
387,Seattle,WA,98105
44,Austin,TX,78701
820,Centennial,CO,80015
456,Webster,WI,54893
772,Campbell,CA,95008
14,Portland,OR,97215
337,Lafayette,CA,94549
654,Saint Charles,IL,60174
822,Highlands Ranch,CO,80126
371,Saint Simons Island,GA,31522
516,oakland,CA,94612
581,Los Angeles,CA,90025
805,Englewood,CO,80111
633,Emerald Hills,CA,94062
735,Los Altos,CA,94024
680,San Francisco,CA,94115
1618,Colleyville,TX,76034
855,San Diego,CA,92109
1571,"Northbrook, IL",IL,60062
1297,Watertown,WI,53098
1004,Norwood,NJ,7648
1673,Menlo Park,CA,94025
1409,Charlotte,NC,28211
971,Estes Park,CO,80517
1636,Alameda,CA,94501
1372,Lakewood,CO,80228
1215,New York,NY,10026
516,oakland,ca,94612
1479,Austin,TX,78731
1460,Washington,DC,20016-5552
829,Stamford,CT,6903
1024,Loveland,CO,80538
1472,Camden,ME,4843
1453,Danbury,NC,27016-7337
802,Balboa island,CA,92662
770,Warrenton,VA,20187
100,Angwin,CA,94508
1536,Glencoe,IL,60022
829,Stamford,CT,6903
1594,hendersonville,NC,28739
1327,Albany,NY,12204
1398,Moab,UT,84532
1596,Bainbridge Island,WA,98110
1596,Bainbridge Island,WA,98110
539,Charlotte,NC,28203
1594,hendersonville,NC,28739
1377,San Antonio,TX,78229
1453,Danbury,NC,27016-7337
1506,Austin,TX,78731
1204,Austin,TX,78759
1204,Austin,TX,78759
1174,Fort Lauderdale,FL,33316
233,Boulder,CO,80305
1506,Austin,TX,78731
1571,"Northbrook, IL",IL,60062
847,Washington,DC,20008
1534,Denver,CO,80202
1557,Denver,CO,80238
633,Emerald Hills,CA,94062
418,Everett,MA,2149
1353,Golden,CO,80403
1353,Golden,CO,80403
885,MorristownNj,NJ,7960
1307,lincoln,NE,68516
1159,Houston,TX,77019
658,Juno Beach,FL,33408
942,Park Ridge,IL,60068
994,Houston,TX,77027
1146,Miami,FL,33133
545,raleigh,NC,27609
1655,San Jose,CA,95129
823,Rancho Santa Fe,CA,92067
738,aventura,FL,33180
865,Libertyville,IL,60048
754,Ruidoso,NM,88345
42,DENVER,CO,80206
554,Charlotte,NC,28209
1686,NYC,NY,10024
775,Mount Kisco,NY,10549
1613,Houston,TX,77098
545,raleigh,NC,27609
1685,Vista,CA,92084
1286,Winston Salem,NC,27101
554,Charlotte,NC,28209
1031,Appleton,WI,54911
1071,River Hills,WI,53217
977,Melrose,MA,2176
855,San Diego,CA,92109
14,Portland,OR,97215
456,Webster,WI,54893
846,charlotte,NC,28205
720,New York,NY,10022
409,denver,CO,80210
1006,Shrewsbury,MA,1545
516,oakland,CA,94612
821,San Francisco,CA,94123
90,San Francisco,CA,94123
90,San Francisco,CA,94123
821,San Francisco,CA,94123
90,San Francisco,CA,94123
819,Denver,CO,80210
1444,New York,NY,10018
1558,DENVER,CO,80220
1123,Westminster ,CO,80021
213,Littleton,CO,80127
61,Eugene,OR,97405
68,Aurora,CO,80010
846,charlotte,NC,28205
874,Miami Beach,FL,33140
721,West Simsbury,CT,6092
843,Port Washington,NY,11050
423,SAN ANTONIO,TX,78240
772,Campbell,CA,95008
13,Denver,CO,80203
1069,tacoma,WA,98445
721,West Simsbury,CT,6092
741,Chicago,IL,60610
654,Saint Charles,IL,60174
42,Edwards,CO,81632
724,SANTA ROSA,CA,95404
322,Lafayette,CA,94549
790,Denver,CO,80231
705,western springs,IL,60558
1532,WINDCREST,TX,78239-2132
1459,Boulder,CO,80304
1488,Spokane,WA,99202
1354,sacramento,CA,95864
1236,Corpus christi,TX,78413
1453,Danbury,NC,27016-7337
1378,Los Altos,CA,94022
1516,Portland,OR,97215
1453,Danbury,NC,27016-7337
1510,brookline,MA,2446
1460,Washington,DC,20016-5552
1581,Oak Park,IL,60301
1482,Norwich,VT,5055
1442,San Antonio,TX,78209
1062,Denver,CO,80246
1477,Inverness,IL,60067
1453,Danbury,NC,27016-7337
213,Littleton,CO,80127
680,San Francisco,CA,94115
680,San Francisco,CA,94115
680,San Francisco,CA,94115
680,San Francisco,CA,94115
1507,Rego Park,NY,11374
42,Vail,CO,81657
669,Dallas,TX,75240
671,Inverness,IL,60010
683,Santa Fe,NM,87501
435,Happy Valley,OR,97086
322,Lafayette,CA,94549
265,San Francisco,CA,94109
682,Camas,WA,98607-8509
456,Webster,WI,54893
351,Greenville,DE,19807
675,Briarcliff Manor,NY,10510
673,Dallas,TX,75229
233,Boulder,CO,80305
654,Saint Charles,IL,60174
550,Austin,TX,78703
1390,Los Altos,CA,94024
491,Neenah,WI,54956
1349,Gary,IN,46403
554,Charlotte,NC,28209
1101,Saint Louis,MO,63105
1047,Longmont,Co,80504
1226,Los Altos Hills,CA,94022
1226,Los Altos Hills,CA,94022
554,Charlotte,NC,28209
308,morton,IL,61550
1031,Kaukauna,WI,54130
1361,Glenview,IL,60025
503,Matthews,NC,28104
1779,Menasha,WI,54952
1779,Menasha,WI,54952
1779,Menasha,WI,54952
1733,Nashville,TN,37203
1642,Chevy Chase,MD,20815
1423,denver,CO,80230
834,San Francisco,CA,94118
842,Denver,CO,80210
1766,Denver,CO,80206
1376,Boulder,CO,80305
1141,Denver,CO,80237
1290,Denver,CO,80224
1088,Saint Louis,MO,63143
545,raleigh,NC,27609
545,raleigh,NC,27609
1590,Williamsville,NY,14231
1271,Santa Clara,CA,95051
5,Summerville,SC,29483
5,Summerville,SC,29483
1531,Summerville,SC,29483
1448,Summerville,SC,29483
1601,Hinsdale,IL,60521
1448,Summerville,SC,29483
1597,Waunakee,WI,53597
5,Summerville,SC,29483
5,Summerville,SC,29483
5,Summerville,SC,29483
1442,San Antonio,TX,78209
1398,Moab,UT,84532
42,DENVER,CO,80206
769,Glastonbury,CT,6033
1489,Glastonbury,CT,6033
1268,Golden,CO,80401-1721
1578,Minneapolis,MN,55406
16,Fort Collins,CO,80524
700,Huntington,NY,11743
259,Lincoln,CA,95648
265,San Francisco,CA,94109
637,La Grande,OR,97850
543,Lebanon,NJ,8833
300,new york,NY,10003
725,San Francisco,CA,94123
633,Emerald Hills,CA,94062
531,Wynnewood,PA,19096
675,Briarcliff Manor,NY,10510
636,Paso Robles,CA,93446
724,Santa Rosa,CA,95404
726,San Francisco,CA,94121
550,Austin,TX,78703
654,Saint Charles,IL,60174
42,Edwards,CO,81632
766,Louisville,KY,40299
863,Round Rock,TX,78665
250,Brewster,WA,98812
233,Boulder,CO,80305
581,Los Angeles,CA,90025
868,San Jose,CA,95161
721,West Simsbury,CT,6092
846,charlotte,NC,28205
865,Gurnee,IL,60031
554,Charlotte,NC,28209
552,COLUMBIA,MD,21045
517,st davids,PA,19087
720,New York,NY,10022
517,st davids,PA,19087
769,Colchester,CT,6415
242,Denver,CO,80210
1139,Longmont ,CO,80504
847,Washington ,DC,20008
984,Houston,TX,77056
885,MorristownNj,NJ,7960
985,Wilbraham,MA,1095
977,Melrose,MA,2176
205,Jersey City,NJ,7307
671,Inverness,IL,60010
543,Lebanon,NJ,8833
1031,Appleton,WI,54911
856,New York,NY,10004
554,Charlotte,NC,28209
554,Charlotte,NC,28209
562,New York,NY,10028
720,New York,NY,10022
865,Gurnee,IL,60031
735,Los Altos,CA,94024
1135,Boise,ID,83702
1596,Bainbridge Island,WA,98110
1589,elizabeth,CO,80107
1453,Danbury,NC,27016-7337
1523,Monument,CO,80132
1596,Bainbridge Is,WA,98110
1453,Danbury,NC,27016-7337
1510,brookline,MA,2446
308,morton,IL,61550
738,AVENTURA,FL,33180
545,raleigh,NC,27609
1646,Chevy Chase,MD,20815
1420,Redondo Beach,CA,90277
855,San Diego,CA,92109
885,MorristownNj,NJ,7960
1419,Oconomowoc,WI,53066
61,Eugene,OR,97405
1424,Ross,CA,94957-0368
1258,Shoreline,WA,98177
1422,Denver,CO,80237
1421,Boca Raton,FL,33496
308,morton,IL,61550
1411,Cupertino,CA,95014
945,Brooklyn,NY,11215
1232,Glendora,CA,91740
869,Portland,OR,97201
1411,Cupertino,CA,95014
42,Edwards,CO,81632
1286,Winston Salem,NC,27101
998,Charleston,SC,29407
61,Eugene,OR,97405
898,Ruston,WA,98407
1206,Wellesley,MA,2482
533,Seattle,WA,98119
554,Charlotte,NC,28209
721,West Simsbury,CT,6092
1193,San Francisco,CA,94114
984,Houston,TX,77056
1305,Atlanta,GA,30326
521,Golden,CO,80401
1159,Houston,TX,77019
856,New York,NY,10004
562,New York,NY,10028
885,MorristownNj,NJ,7960
1110,Greenwich,CT,6830
517,st davids,PA,19087
1288,Mattapoisett,MA,2739
738,aventura,FL,33180
840,New York,NY,10025
1124,Neptune,NJ,7753
1755,Denver,CO,80203
13,Denver,CO,80203
1131,Brooklyn,NY,11234
1131,Brooklyn,NY,11234
1131,Brooklyn,NY,11234
1153,Sherman Oaks,CA,91403
1140,New York,NY,10025
1137,Burbank,CA,91504
1126,Westerville,OH,43082
1118,Chelsea,MI,48118
952,SHERWOOD FOREST,CA,913253435
1523,Monumeny,CO,80132
1453,Danbury,NC,27016-7337
879,San Francisco,CA,94123
1348,Denver,CO,80210
728,Portland,OR,97229
519,Imperial Beach,CA,91932-1003
608,Denver,CO,80206
1062,Denver,CO,80246
829,Stamford,CT,6903
1005,Honolulu,HI,96816
1388,Pittsford,NY,14534-4710
1453,Danbury,NC,27016-7337
1493,Boca Raton,FL,33496
705,western springs,IL,60558
1409,Charlotte,NC,28211
1481,Denver,CO,80207
1121,Clinton,CT,6413
1487,Chicago,IL,60641-1469
1594,hendersonville,NC,28739
1277,New York,NY,10026
1296,SF,CA,94127
754,Houston,TX,77005
1567,Chapel Hill,NC,27516
328,Gloucester,MA,1930
545,raleigh,NC,27609
1377,San Antonio,TX,78229
1409,Charlotte,NC,28211
741,Chicago,IL,60610
601,Minneapolis,MN,55404
601,Minneapolis,MN,55404
601,Minneapolis,MN,55404
1453,Danbury,NC,27016-7337
1523,Monument,CO,80132
1460,Washington,DC,20009
1521,Evergreen,CO,80439
1062,Denver,CO,80218
100,Alameda,CA,94502
1050,Wellington,FL,33414
1047,LONGMONT,CO,80504
1066,Evergreen,CO,80439
1044,Delray Beach,FL,33446
1056,Lenexa,KS,66216
782,Denver,CO,80237
179,Barrington Hills,IL,60010
1239,Shelter island,NY,11964
1527,Denver,CO,80211
1538,Greenwood Village,CO,80111
337,Lafayette,CA,94549
1716,Livingston,NJ,7039
1669,Orinda,CA,94563
1727,Denver,CO,80207
1669,Orinda,CA,94563
545,raleigh,NC,27609
241,Sparta,NJ,7871
798,LITTLETON,CO,80120
1567,Chapel Hill,NC,27516
1453,Danbury,NC,27016-7337
1330,Atlanta,GA,31126
517,wayne,PA,19087
1667,Menlo Park,CA,94025
42,DENVER,CO,80206
1659,Atherton,CA,94027-5422
1510,brookline,MA,2446
84,Charlotte,NC,28207
1388,Pittsford,NY,14534-4710
721,West Simsbury,CT,6092
1217,Fremont,CA,94539-5442
1369,Denver,CO,80210
1403,White Plains,NY,10605
1395,Denver,CO,80223
1572,Denver,CO,80223
1576,DENVER,CO,80223
1521,Evergreen,CO,80439
1441,Melrose,MA,2176
754,Houston,TX,77005
545,raleigh,NC,27609
1453,Danbury,NC,27016-7337
322,Lafayette,CA,94549
42,Edwards,CO,81632
1363,Whitefish Bay,WI,53211
1398,Moab,UT,84532
1518,Chicago,IL,60641
1266,Brookline,MA,2446
735,Los Altos,CA,94024
1428,Boca Raton,FL,33486
1386,Mesa,AZ,85205
2,Denver,CO,80224
984,Houston,TX,77056
1263,Malvern,IA,51551
1467,Potomac,MD,20854
545,raleigh,NC,27609
1620,Los Altos,CA,94024
1286,Winston Salem,NC,27101
308,morton,IL,61550
1450,Carmel,CA,93923-9600
1224,Canby,OR,97013
1443,Chilmark,Wiltshire,SP3 5BB
1327,Albany,NY,12204
829,Stamford,CT,6903
1516,Portland,OR,97215
1233,AUSTIN,TX,78703
1510,brookline,MA,2446
1453,Danbury,NC,27016-7337
719,orlando,FL,32819
1229,Sausalito,CA,94965
1203,San Francisco,CA,94115
1217,Fremont,CA,94539-5442
1284,Greenwood Village,CO,80111
13,Denver,CO,80203
1251,Littleton,CO,80120
1709,Pebble Beach,CA,93953
1716,Livingston,NJ,7039
1233,Austin,TX,78703
1337,Summerville,SC,29483
702,Tucker,GA,30087
1341,Atlanta,GA,30318
1344,Greensburg,pa,15601
1343,Wilton,CT,6897
14,Portland,OR,97215
921,Columbia,Sc,29223
1047,Longmont,CO,80504
1340,washington,DC,20016
1337,Summerville,SC,29483
610,Narberth,PA,19072
273,Los Angeles,CA,90027
741,Chicago,IL,60610
792,Washington,D.C.,20008
213,Littleton,CO,80127
999,Pebble Beach,CA,93953
1208,Menlo Park,CA,94025
700,Columbus,OH,45219
322,Lafayette,CA,94549
42,Edwards,CO,81632
1440,Washington,DC,20007
1031,Appleton,WI,54911
1411,Cupertino,CA,95014
971,Elkhorn,NE,68022
545,raleigh,NC,27609
87,Denver,CO,80223
1488,Spokane,WA,99202
1004,Norwood,NJ,7648
1510,brookline,MA,2446
1571,"Northbrook, IL",IL,60062
233,Boulder,CO,80305
1385,Denver,CO,80220
529,Los Gatos,CA,95032
1258,Shoreline,WA,98177
1233,Austin,TX,78703
972,Jamaica Plain,MA,2130
519,Imperial Beach,CA,91932-1003
1333,San Diego,CA,92101
639,Atlanta,GA,30342
334,Dobbs Ferry,NY,10522
1352,Santa Rosa,CA,95409
419,San Francisco,CA,94127
233,Boulder,CO,80305
720,New York,NY,10022
608,Denver,CO,80206
1263,Malvern,IA,51551
636,Paso Robles,CA,93446
829,Stamford,CT,6903
673,Dallas,TX,75229
1455,Park city,UT,84098
1258,Shoreline,WA,98177
233,Boulder,CO,80305
322,Lafayette,CA,94549
1363,Whitefish Bay,WI,53211
671,Inverness,IL,60010
233,Boulder,CO,80305
1251,Littleton,CO,80120
1615,Aurora,CO,80012
1194,Sussex,WI,53089
1589,elizabth,CO,80107
1260,Oneonta,NY,13820
1292,SALT LAKE CITY,UT,84103
1121,Madison,CT,6443
797,Philadelphia,PA,19106
42,DENVER,CO,80206
1636,Alameda,CA,94501
1314,Denver,CO,80224
273,Los Angeles,CA,90027
239,Brighton,CO,80602
742,San Francisco,CA,94118
252,Lexington,KY,40513
252,Lexington,KY,40513
721,West Simsbury,CT,6092
692,San Francisco,CA,94121
720,New York,NY,10022
1586,Arden,NC,28704
84,Charlotte,NC,28207
9001,Salinas,CA,93901
1788,Omak,WA,98841
1105,Scottsdale,AZ,85251-5474
1661,Rockville,MD,20850-6729
1659,Atherton,CA,94027-5422
1789,Nashville,TN,37204
1536,Glencoe,IL,60022
1489,Glastonbury,CT,6033
1409,Charlotte,NC,28211
177,CASCADE,ID,83611-1029
1785,Los Angeles,CA,90045
1559,Buffalo Grove,IL,60089
1554,Bend,OR,97702
783,Kennett Square,PA,19348
1551,Flanders,NJ,7836
1189,Cramerton,NC,28032
1549,CHILMARK,MA,2535
1638,Foster City,CA,94404
561,Beverly,MA,1915
1484,Lake Geneva,WI,53147
503,Matthews,NC,28104
1154,Houston,TX,77056
971,Waterloo,NE,68069
1277,New York,NY,10026
845,Knoxville,TN,37919
1406,PIEDMONT,CA,94611-3514
1174,Fort Lauderdale,FL,33316
1159,Houston,TX,77019
1186,aurora,CO,80016
1071,River Hills,WI,53217
853,Houston,TX,77024
991,lexington,MA,2421
1083,HERMON,ME,4401
474,Portland,OR,97215
1069,Tacoma,WA,98445
418,Everett,MA,2149
773,Houston,TX,77024
773,Houston,TX,77024
754,San Antonio,TX,78257
741,Charlotte,NC,28204
880,Bridgehampton,NY,11932
939,Hillsborough,CA,94010
474,Portland,OR,97215
989,Denver,CO,80209
1001,boca raton,FL,33496
835,Brooklyn,NY,11215
802,Newport Beach,CA,92662
908,Mamaroneck,NY,10543
937,Denver,CO,80220
910,New York,NY,10018
884,towaco,NJ,7082
885,MorristownNj,NJ,7960
919,Briarcliff Manor,NY,10510
935,Cross River,NY,10518
920,Houston,TX,77057
981,NEWTON,MA,2459
886,Mendham,NJ,7945
936,"Castle Rock,",CO,80108
878,Aberdeen,NJ,7747
907,Yonkers,NY,10710
881,Point Pleasant,NJ,8742
1214,highland park,IL,60035
1442,San Antonio,TX,78209
1331,tiburon,CA,94920
395,San Francisco,CA,94110-2317
1521,Evergreen,CO,80439
1146,Coral Gables,FL,33134
1525,Rockville,MD,20852
1358,Saratoga,CA,95070
692,San Francisco,CA,94121
673,Dallas,TX,75229
1119,San Francisco,CA,94111
1076,tacoma,WA,98417
998,Charleston,SC,29407
802,Balboa island,CA,92662
1047,Longmont,CO,80504
1120,San Francisco,CA,94117
802,Balboa island,CA,92662
1071,River Hills,WI,53217
1122,Denver,CO,80220
463,Hickory Hills,IL,60457
14,Portland,OR,97215
1121,Shelton,CT,6484
1598,Washington,DC,20016
1511,Greenwood Village,CO,80111
698,Castle Rock,CO,80108
1691,Trenton,MO,64683
883,Chicago,IL,60610
100,Alameda,CA,94502
682,Camas,WA,98607-8509
680,San Francisco,CA,94115
617,La Grande,OR,97850
335,San Francisco,CA,94117
42,Vail,CO,81657
418,Everett,MA,2149
669,Dallas,TX,75240
680,San Francisco,CA,94115
750,lancaster,PA,17601
1618,Colleyville,TX,76034
1155,SANTA FE,NM,87506
1646,Chevy Chase,MD,20815
675,Briarcliff Manor,NY,10510
583,New York,NY,10003
648,WARMINSTER,PA,18974
760,Golden Valley,MN,55427
593,Vienna,VA,22182
756,Brooklyn,NY,11211
665,New York,NY,10028
619,Narberth ,PA,19072
650,New York,NY,10017-2326
652,Astoria,NY,11105
748,New York,NY,10075
828,Chicago,IL,60657
667,New city,NY,10956
806,Scarsdale,NY,10583
777,Wyckoff,NJ,7481
776,Wyckoff,NJ,7481
584,Upper Saddle River,NJ,7458
827,New York,NY,10016
585,New York,NY,10025
757,Herzogenaurach,BY,91074
807,Philadelphia ,PA,19147
758,Philadelphia,PA,19147
774,Brooklyn ,NY,11215
194,Denver,CO,80224-2826
194,Denver,CO,80224-2826
194,Denver,CO,80224-2826
194,Denver,CO,80224-2826
194,Denver,CO,80224-2826
1696,Penns Neck,NJ,8540
1697,North York,ON,M2P 1W1
1697,North York,ON,M2P 1W1
1641,Boerne,TX,78006
81,Boulder,CO,80302
81,Boulder,CO,80302
735,Los Altos,CA,94024
177,CASCADE,ID,83611-1029
1114,Denver,CO,80238
450,Roseville,CA,95661
328,Gloucester,MA,1930
739,Wilton,CT,6897
100,Angwin,CA,94508
1236,Corpus Christi,TX,78413
992,Pomfret Center,CT,6259
1237,Aurora,CO,80016
845,Knoxville,TN,37919
562,New York,NY,10028
984,Houston,TX,77056
1033,DENVER,CO,80113
1164,San jose,CA,95120
508,Sartell,MN,56377
358,San Francisco,CA,94117
16,Denver,CO,80205
1196,Los Altos,CA,94022
491,Neenah,WI,54956
971,Waterloo,NE,68069
633,Emerald Hills,CA,94062
1186,aurora,CO,80016
988,St louis,MO,Z63105
1234,Canby,OR,97013
1159,Houston,TX,77019
640,Webster,WI,54893
308,morton,IL,61550
519,Imperial  Beach,CA,91932
84,Charlotte,NC,28207
623,University Park,MD,20782
640,Webster,WI,54893
459,Rancho Santa Fe,CA,92091
1218,Carmel,CA,93923
322,Lafayette,CA,94549
620,Cheshire,CT,6410
103,Boston,MA,2118
1030,Happy Valley,OR,97086
1011,Boulder,CO,80305
858,Charleston,SC,29413
328,Gloucester,MA,1930
709,Seattle,WA,98136
1061,Bailey,CO,80421
998,Charleston,SC,29407
992,Pomfret Center,CT,6259
860,Eat Points,GA,30344
660,McLean,VA,22101
797,Bryn Mawr,PA,19010
721,West Simsbury,CT,6092
735,Los Altos,CA,94024
491,Neenah,WI,54956
16,Denver,CO,80205
517,st davids,PA,19087
846,charlotte,NC,28205
545,raleigh,NC,27609
856,New York,NY,10004
273,Los Angeles,CA,90027
1004,Norwood,NJ,07648-1808
103,Boston,MA,2118
993,cambridge,MA,2138
654,Saint Charles,IL,60174
570,Grosse Pointe Farms,MI,48236
754,Houston,TX,77005
754,Houston,TX,77005
233,Boulder,CO,80305
213,Littleton,CO,80127
673,Dallas,TX,75229
682,Camas,WA,98607
1734,Denver,CO,80224
1737,Aurora,CO,80013
1116,Lake Oswego,OR,97034
846,charlotte,NC,28205
1105,Scottsdale,AZ,85251
1101,St louis,MO,53105
1368,San Francisco,CA,94133
1368,San Francisco,CA,94133
1367,Kennett Square,PA,19348
233,Boulder,CO,80305
308,morton,IL,61550
517,st davids,PA,19087
1090,Benbrook ,TX,67126
328,Gloucester,MA,1930
212,Brooklyn,NY,11201
858,Charleston,SC,29412
1108,Rockport,ME,4856
1033,DENVER,CO,80113
241,Sparta,NJ,7871
322,Lafayette,CA,94549
1101,Saint Louis,MO,63105
1005,Honolulu,HI,96816
1069,Tacoma,WA,98445
273,Los Angeles,CA,90027
322,Lafayette,CA,94549
1074,Rockville,MD,20852
671,Inverness,IL,60010
975,North Andover ,MA,1845
1001,boca raton,FL,33496
772,Campbell,CA,95008
673,Dallas,TX,75229
994,Houston,TX,77027
705,western springs,IL,60558
266,Littleton,CO,80123
1106,Framingham,MA,1701
739,Wilton,CT,6897
1105,Scottsdale,AZ,85251
804,DENVER,CO,80210
1004,norwood,NJ,7648
250,Brewster,WA,98812
1646,Chevy Chase,MD,20815
1121,Madison,CT,6443
1659,Atherton,CA,94027-5422
233,Boulder,CO,80305
1315,Oconomowoc,WI,53066
1398,Moab,UT,84532
1523,Monument,CO,80132
775,New YORK,NY,10549
1646,Chevy Chase,MD,20815
241,Sparta,NJ,7871
1288,Mattapoisett,MA,2739
545,raleigh,NC,27609
739,Wilton,CT,6897
1453,Danbury,NC,27016-7337
1571,"Northbrook, IL",IL,60062
1488,Spokane,WA,99202
334,Dobbs Ferry,NY,10522
1274,College Park,GA,30337
1352,Santa Rosa,CA,95409
1460,Washington,DC,20009
90,San Francisco,CA,94123
1393,Scottsdale,AZ,85255
482,Leesburg,VA,20176
728,Portland,OR,97229
291,New York,NY,10024
998,Charleston,SC,29407
1031,Appleton,WI,54911
1062,Denver,CO,80246
671,Inverness,IL,60010
1023,Boulder,CO,80303
358,San Francisco,CA,94117
1157,clarendon hills,IL,60514
1196,Los Altos,CA,94022
797,Bryn Mawr,PA,19010
660,Tahlequah,OK,74465
562,New York,NY,10028
1159,Houston,TX,77019
1255,Littleton,CO,80120
1124,Highland Village,TX,75077
1029,San Francisco,CA,94115
892,Ithaca,NY,14850
368,Sedalia,CO,80135
242,Denver,CO,80210
841,los altos hills,CA,94022
671,Inverness,IL,60010
358,San Francisco,CA,94117
1005,Honolulu,HI,96816
1040,Lone Tree,CO,80124
1072,Los Altos,CA,94022
542,Greenwood Village,CO,80112
943,Washington,DC,20008
1059,Parker,CO,80138
1073,Redmond,WA,98052
418,Everett,MA,2149
322,Lafayette,CA,94549
943,Washington,DC,20008
42,Edwards,CO,81632
1041,Franklin,TN,37067
724,Santa Rosa,CA,95404
171,San Francisco,CA,94110
1006,Shrewsbury,MA,1545
943,Washington,DC,20008
1060,Denver,CO,80202
1001,boca raton,FL,33496
1007,HARTSDALE,NY,10530
984,Houston,TX,77056
1006,Shrewsbury,MA,1545
843,Port Washington,NY,11050
1002,Chicago,IL,60610
673,Dallas,TX,75229
623,University Park,MD,20782
654,Saint Charles,IL,60174
68,Aurora,CO,80010
68,Aurora,CO,80010
1510,brookline,MA,2446
236,Loveland,CO,80538
1422,Denver,CO,80237
550,Austin,TX,78703
621,Lake Barrington,IL,60010
589,Windsor,CO,80550
605,ca,CA,92270
604,New York,NY,10003
647,san rafael,CA,94903
570,Grosse Pionte Farms,MI,48236
622,Carmel,CA,93921
649,Boulder,CO,80304
476,Kirksville,MO,63501
574,Carlsbad,CA,92013
573,Chicago,IL,60661
606,washington,DC,20016
623,University Park,MD,20782
554,Charlotte,NC,28209
608,Denver,CO,80206
553,New York,NY,10128
609,Los Altos,CA,94024
550,Austin,TX,78703
654,Saint Charles,IL,60174
649,Boulder,CO,80304
610,narberth,PA,19072
634,Santa Fe,NM,87501
635,New York,NY,10075
668,denver,CO,80203
680,San Francisco,CA,94115
702,Smoke Rise,GA,30087
736,bethesda,MD,20817
761,New York,NY,10023
784,Baltimore,MD,21211
703,Palm Beach,FL,33480
681,drjrykmt,MD,20715
259,Lincoln,CA,95648
747,philadelphia,PA,19103
746,Denver,CO,80203
745,Holmen,WI,54636
775,MOUNT KICSO,NY,10549
787,Dublin,GA,31021
44,Austin,TX,78701
669,Dallas,TX,75240
533,Seattle,WA,98119
670,kidfvjodvj,PW,32932
684,portland,OR,97122
608,Denver,CO,80206
809,Bethesda,MD,20816
205,Jersey City,NJ,7307
671,Inverness,IL,60010
89,San Francisco,CA,94121
704,labette,KS,67356
704,labette,KS,67356
704,labette,KS,67356
731,labette,KS,67356
737,San Miguel,CA,93451
788,San Francisco,CA,94121
812,charlotte,NC,28207
811,AVENTURA,PA,33180
810,Houston,TX,77079
672,Centennial,CO,80016
686,Scottsdale,AZ,85260
705,western springs,IL,60558
539,Charlotte,NC,28203
61,Eugene,OR,97402
44,Austin,TX,78701
690,Houston ,TX,77082
689,Crested Butte,CO,81224
688,Los Angeles,CA,90006
687,blackfoot,IN,83221
706,pebble beach,CA,93953
738,bryn mawr,PA,19010
554,Charlotte,NC,28209
789,Lititz,PA,17543
814,Mill Valley,CA,94941
813,Freeville,NY,13068
673,Dallas,TX,75229
673,Dallas,TX,75229
355,Ballwin,MO,63021
751,McLean,VA,22101
778,Hackettstown,NJ,7840
790,Denver,CO,80231
815,Lynnwood,WA,98046
691,Palo Alto,CA,94306
779,Austin,TX,78701
720,New York,NY,10022
533,Seattle,WA,98119
210,Cornelius,NC,28031
844,san francisco,CA,94118
843,Port Washington,NY,11050
921,Columbia,SC,29223
949,Brooklyn,NY,11215
859,San Francisco,CA,94109
859,San Francisco,CA,94109
906,Los Altos,CA,94024
859,San Francisco,CA,94109
950,Santa Fe,NM,87505
1016,Foresthill,CA,95631
847,Washington DC,DC,20008
846,charlotte,NC,28205
845,Knoxville,TN,37919
371,Saint Simons Island,GA,31522
356,san luis obispo,CA,93405
870,Lakewood,NJ,8701
922,Odessa,TX,79765
848,Franklin,TN,37064
879,San Francisco,CA,94123
951,Dallas,TX,75380
250,Brewster,WA,98812
418,Everett,MA,2149
862,Elizabethtown,PA,17022
854,Miami Beach,FL,33139
702,Smoke Rise,GA,30087
212,Mount Vernon,NY,10552
1034,Littleton,CO,80127
832,Santa Clara,CA,95051
851,New York,NY,10065
833,Excelsior,MN,55331
605,ca,CA,92270
859,San Francisco,CA,94109
562,New York,NY,10028
1035,Broomfield,CO,80020
836,Bakersfield,CA,93309
852,Lake Forest,CA,92630
889,Douglasville,GA,30135
973,Brookline,MA,2446
972,Jamaica Plain,MA,2130
971,WATERLOO,NE,68069
970,Hanover,MA,2339
969,Cambridge,MA,2140
968,cambridge,MA,2138
967,Nashua,NH,3063
965,Concord,MA,1742
964,Norway,ME,4268
963,Portsmouth,NH,3801
962,Brookline,MA,2446
961,Chelsea,MA,2150
960,exeter,NH,3833
959,Marblehead,MA,1945
958,brewster,MA,2631
957,Wellesley,MA,2481
956,Westford,MA,1886
955,Newton,MA,2461
954,Rockport,MA,1966
779,Austin,TX,78701
872,Ventnor City,NJ,8406
891,Pompano Beach ,FL,33069
890,Parlin,NJ,8859
365,Denver,CO,80209
978,Fairfield,CT,6824
977,Melrose,MA,2176
976,Portland,OR,97212
975,North Andover ,MA,1845
974,Bangor,ME,4401
1046,Silverthorne,CO,90498
1042,Ashburnham,MA,1430
837,Lafayette,LA,70508
874,Miami Beach,FL,33140
873,McLean,VA,22101
738,aventura,FL,33180
924,San Francisco,CA,94115
979,Denver,CO,80210
1051,Troy,MI,48084
1049,Austin,TX,78757
1048,Marion,MA,2738
838,San anselmo,CA,94960
855,San Diego,CA,92109
739,Wilton,CT,6897
660,McLean,VA,22101
1057,Austin,TX,78759
1055,Barrington hills,IL,60010
1054,San Francisco,CA,94102
1053,Paxton,MA,1612
1052,Denver,CO,80207
1113,cambridge,MA,2139
1136,Chevy Chase,MD,20815
1177,Ossining,NY,10562
1195,Huntington,NY,11743
1240,Fayette,ME,4349
971,Waterloo,NE,68069
1191,Richfield,MN,55423
1208,Menlo Park,CA,94025
516,Oakland,CA,94612
1214,Highland park,IL,60035
1213,Ocracoke,NC,27960
1212,Atlantic City,NJ,8401
1211,Atlantic City,NJ,8401
1210,Longport,NJ,8403
1209,Chicago,IL,60614
539,Charlotte,NC,28203
1077,Tacoma,WA,98406
1102,Scarsdale,NY,10583
1138,San francisco,CA,94117
1157,clarendon hills,IL,60514
233,Boulder,CO,80305
1241,Naples,FL,34108
1216,Waco,TX,76703
1078,Marblehead,MA,1945
1031,Appleton,WI,54911
1124,Neptune,NJ,7753
1179,Encampment,WY,82325
826,San Antonio,TX,78257
553,New York,NY,10128
1192,Dallas,TX,75204
1215,New York,NY,10026
1245,San Rafael,CA,94903
1244,Seattle,WA,98104
1243,Los Altos,CA,94024
1242,Greensburg,PA,15601
958,brewster,MA,2631
658,Juno Beach,FL,33408
1142,Rancho Santa Fe,CA,92067
1160,RALEIGH,NC,27603
1159,Houston,TX,77019
994,Houston,TX,77027
984,Houston,TX,77056
1080,Bakersfield,CA,93309
1079,south san francisco,CA,94080
1104,Dewitt,NY,13214
1103,Cary,NC,27518
1114,Denver,CO,80220
754,Houston,TX,77005
1052,Denver,CO,80207
945,Brooklyn,NY,11215
1181,Ross,CA,94957
1180,Rockville,MD,20852
1246,houston,TX,77024
802,Balboa island,CA,92662
1105,Scottsdale,AZ,85251
1062,Denver,CO,80218
365,Denver,NJ,80209
1193,San Francisco,CA,94114
1216,Waco,TX,76703-1581
1247,Mill Valley,CA,94941
728,Portland,OR,97229
1161,San Francisco,CA,94123
14,Portland,OR,97215
984,Houston,TX,77056
1182,Pahrump,NV,89060
1248,eau claire,WI,54703
754,Houston,TX,77005
1107,Lexington,MA,2421
1144,Aurora,CO,80015
1212,Longport,NJ,8403
1219,auburn,CA,95602
1218,Carmel,CA,93923
1198,Warwick,RI,2886
1035,Broomfield,CO,80020
1115,San Francisco,CA,94118
1127,Alexandria,VA,22307
1268,Golden,CO,80401-1721
1285,Portland,OR,97221
1195,Huntington,NY,11743
84,Charlotte,NC,28207
863,Round rock,TX,78665
1270,Oconomowoc,WI,53066
1269,Greenville,SC,29611
1307,Llincoln,NE,68516
1233,Austin,TX,78703
1298,Denver,CO,80238
1297,Watertown,WI,53098
1313,Saint Louis,MO,63105
1289,CARTHAGE,TN,37030
773,Houston,TX,77024
1273,Purcellville,VA,20132
1233,Austin,TX,78703
1286,Winston Salem,NC,27101
355,Ballwin,MO,63021
1052,Denver,CO,80207
1138,San francisco,CA,94117
1104,Syracuse,NY,13214
1274,college park,GA,30337
1288,Mattapoisett,MA,2739
1287,charleston,SC,29401
1317,Carbondale,CO,81623
1349,Gary,IN,46403
1275,Highlands Ranch,CO,80126
1289,carthage,TN,37030
1299,Brookline,MA,2445
1318,Tyler,TX,75703
1326,Charlottesville,VA,22902
1215,New York,NY,10026
1355,Charlotte,NC,28211
1354,SACRAMENTO,CA,95864
1350,New bern,Nc,28562
918,Portland,OR,97225
1333,San Diego,CA,92101
1086,Austin,TX,78731
1278,Parker,CO,80138
623,University Park,MD,20782
1259,Portsmouth,RI,2871
1206,Wellesley Hills,MA,02481-6718
702,Tucker,GA,30087
623,University Park,MD,20782
660,Tahlequah,OK,74465
1319,San Francisco,CA,94129
1127,Alexandria,VA,22307
736,Bethesda,MD,20817
976,Portland,OR,97312
1453,Danbury,NC,27016-7337
1033,Englewood,CO,80113
1435,Denver,CO,80206
984,Houston,TX,77056
216,Lawrenceville,NJ,8648
1464,Atlanta,GA,30319
1463,Novato,CA,94949
1227,Santa Fe,NM,87505
1473,WIlson,WY,83014
1375,santa barbara,ca,93110
1331,tiburon,ca,94920
1475,Delray Beach,FL,33484
1474,Delhi,LA,71232
1294,San Francisco,CA,94123
1286,Winston Salem,NC,27101
1455,Park city,UT,84098
1454,Chevy Chase,MD,20815
1215,New York,NY,10026
809,Bethesda,MD,20816
1466,Raleigh,NC,27609
1476,Jersey City,NJ,7302
1117,Atlanta,GA,30309
1453,Danbury,NC,27016-7337
1439,Moline,IL,61265
214,Hayden Lake,ID,83835
1097,San Jose,CA,95125
1467,Potomac,MD,20854
1392,Nashville,TN,37215
561,Beverly,MA,1915
1449,Portola Valley,CA,94028
800,MANCHESTER,VT,5254
1493,Boca Raton,FL,33496
1561,Toledo,OH,43615
1577,Billings,MT,59101
1489,Glastonbury,CT,6033
1490,Cave Creek,AZ,85327
623,University Park,MD,20782
1490,Cave Creek,AZ,85327
1510,brookline,MA,2446
1480,Hopkinton,MA,1748
1495,Tallulah,LA,71282
1494,Corona Del Mar,CA,92625
1493,Boca Raton,FL,33496
1492,Bloomington,IN,47403
1327,Albany,NY,12204
1514,Burr Ridge,IL,60527
1513,"Atlanta, Ga",GA,30327
702,Tucker,GA,30087
1543,Denver,CO,80206
1496,New Bern,NC,28562
1498,Armonk,NY,10504
1497,Midland,TX,79705
1544,San Francisco,CA,94115
706,Pebble Beach,CA,93953
1500,Menlo Park,CA,94025
350,SAn Fransisco,CA,94115
1510,brookline,MA,2446
1380,Hattiesburg,MS,39402
1447,Stamford,CT,6903
1533,Novato,CA,94949
1539,Fargo,ND,58102
1570,Denver,CO,80223
1580,Winston Salem,NC,27106
1580,Winston Salem,NC,27106
1579,Washington,DC,20016-4303
1552,Fort Worth,TX,76108
1563,Denver,CO,80210
1497,Midland,TX,79705
1540,Chicago,IL,60610
815,Lynnwood,WA,98046
1548,Michigan City,IN,46361
1564,San Antonio,TX,78204
847,Washington ,DC,20008
769,Glastonbury,CT,6033
1528,BOSTON,MA,2210
1535,Charleston,SC,29407
1380,Hattiesburg,MS,39402
1582,New York,NY,10019/
1606,Alamo,CA,94507
1316,Mill Valley,CA,94941
1592,Birmingham,AL,35205
1417,Potomac,MD,20854
1608,Short Hills,NJ,07078-2455
1647,Ann Arbor,MI,48107
1537,Minnetonka,MN,55345
1609,Denver,CO,80238
1610,Palo Alto,CA,94301
1635,New York,NY,10004
1634,New York,NY,10004
1633,New York,NY,10004
1632,New York,NY,10004
1631,New York,NY,10004
1630,New York,NY,10004
1629,New York,NY,10004
1646,Chevy Chase,MD,20815
1587,San Francisco,CO,941025032
1595,Modesto,CA,95355
1354,sacramento,CA,95819
1617,perkasie,PA,18944
1602,Minnetonka,MN,55343
1247,Mill valley,CA,94941
1336,Hunts Point,WA,98004
1690,Stratton,CO,80836
794,Berkeley Springs,WV,25411
84,Charlotte,NC,28207
1757,Huntington Beach,CA,92658
1723,Dallas,TX,75218
1738,Youngstown,OH,44515
1758,miami,FL,33127
914,Bronxville,NY,10708-3008
1655,San Jose,CA,95129
1670,Fort Myers,FL,33901
1613,Houston,TX,77098
1120,San Francisco,CA,94117
1380,Hattiesburg,MS,39402
529,Los Gatos,CA,95032
1760,Apopka,FL,32712
1189,Cramerton,NC,28032
1724,Reno,NV,89511
1762,Washington,DC,20008
1764,Winston Salem,NC,27106
1763,Hopkinton,MA,1748
1528,BOSTON,MA,2210
1692,North York,ON,M2P 1W1
194,Denver,CO,80224
1765,Santa Rosa,CA,95409
1233,Austin,TX,78703
1767,Napa,CA,94558
1656,Seattle,WA,98121
1674,Pacific Grove,CA,93950
1646,Chevy Chase,MD,20815
1380,Hattiesburg,MS,39402
1740,Dallas,TX,75206
1739,Alexandria,VA,22308
1768,Melrose Park,PA,19027
1528,Boston,MA,2210
1702,Whiting,NJ,8759
1537,Minnetonka,MN,55345
1769,Wheat Ridge,Co.,80215
1786,Sunnyvale,CA,94087
1102,Scarsdale,NY,10583
1235,Ormond Beach,FL,32174
1778,Saint Petersburg,FL,33704
1777,Great Neck,NY,11025
1081,nashua,NH,3063
1501,Aurora,CO,80016
1658,Cupertino,CA,95014
1657,Seeley Lake,MT,59868
1517,Montclair,NJ,7043
1205,Santa Fe,NM,87505
1380,Hattiesburg,MS,39402
1522,PENN VALLEY,CA,95946
1602,Minneapolis,MN,55439
1675,Bryn Mawr,PA,19010-1907
1147,Houston,TX,77056
1146,Coral Gables,FL,33134
1308,Orinda,CA,94563
1425,Evergreen,CO,80439
740,Edgartown,MA,2539
739,Wilton,CT,6897
1164,san Jose,CA,95120
1163,jaunda city,IA,50003
1310,Eastchester,NY,10709
1545,San Francisco,CA,94105
84,Charlotte,NC,28207
1703,asdasdas,GA,30303
925,Ridgewood,NJ,7450
1320,San Francisco,CA,94118
1457,Houston,TX,77005
1284,Greenwood Village,CO,80111
976,Portland,OR,97212
638,Enid,OK,73703
550,Austin,TX,78703
792,washington,DC,20008
791,Charleston,SC,29401
1205,Santa Fe,NM,87505
548,Eagle,CO,81631
635,Wilton,CT,6897
1250,Wyommissing,PA,19610
728,Portland,OR,97229
1243,Los Altos,CA,94024
1136,Chevy Chase,MD,20815
1379,NEWBURY PARK,Ca,913205334
1480,Hopkinton,MA,1748
694,festge,IN,83701
693,sfsdsd,OK,74004
1395,Lone Tree,CO,80124
1266,brookline,MA,2446
856,New York ,NY,10004
1406,PIEDMONT,CA,94611-3514
1603,Minnetonka,MN,55343
802,Balboa island,CA,92662
1300,Denver,CO,80220
539,Charlotte,NC,28203
999,Pebble Beach,CA,93953
1426,San Rafael,CA,94901
1435,Denver,CO,80210-3023
882,Mountain View,CA,94040
1165,Houston,TX,77001
1311,Gettysburg,PA,17325
1541,Newport Coast,CA,92657
1176,soledad,CA,93960
1442,San Antonio,TX,78209
1183,Issaquah,WA,98027
1321,Denver,CO,80206
1636,Alameda,CA,94501
951,Dallas,TX,75380
790,Denver,CO,80237
1452,Sedona,AZ,86351
639,Atlanta,GA,30342
793,Aurora ,CO,80018
983,North Falmouth,MA,2556
982,Lowell,MA,1852
242,Denver,CO,80210
7,Houston,TX,77005
1058,North Bend,OR,97459-1775
1362,St Louis,MO,63130
1082,san diego,CA,92110
1180,Rockville,MD,20852
1502,Dallas,TX,75205
84,Charlotte,NC,28207
1554,Marana,AZ,85658
695,shreveport,LA,71106
9003,Chestertown,MD,21620
707,Moraga,CA,94556
418,Everett,MA,2149
1537,Minnetonka,MN,55345
1676,HARGRAVE,,IP29 3ZR
1612,Lewisburg,WV,24901
753,Sunnyvale,CA,94089
741,Charlotte,NC,28204
1166,juragan city,IA,41214
456,Webster,WI,54893
539,Charlotte,NC,28203
1704,Oklahoma City,OK,73120
1185,Atherton,CA,94027
1184,San Francisco,CA,94109
780,Wasilla,AK,99623
1327,Albany,NY,12204
1222,Pleasanton,CA,94566
1221,Austin,TX,78703
1220,Paradise Valley,AZ,85253
1336,Hunts Point,WA,98004
1427,Washington,DC,20037
1658,Cupertino,CA,95014
654,Saint Charles,IL,60174
816,Lafayette,CA,94549
1253,Lakewood,CO,80228
1252,Portland,OR,97212
836,Bakersfield,CA,93309
1653,Lakewood,CO,80227
1102,Scarsdale,NY,10583
839,Los Altos,CA,94023
1503,Sacramento,CA,95818
1497,Midland,TX,79701-5936
869,portland,OR,97201
9004,Cupertino,CA,95014
1380,Hattiesburg,MS,39402
1149,americus,GA,31709
291,New York,NY,10024
1427,Washington,DC,20037
1681,Ames,IA,50014
622,Carmel by the sea,CA,93921
577,Columbia,MD,21045
605,rancho mirage,CA,92270
762,Palatine,IL,60067
928,Winston-Salem ,NC,27104
1641,Boerne,TX,78006
1726,Columbus,OH,43204
987,Denver,CO,80210
986,Lexington,MA,2421
985,Wilbraham,MA,1095
1223,SAN DIEGO,CA,92120
718,Minneapolis,MN,55410
1274,College Park,GA,30337
1052,Denver,CO,80207
1468,Palo Alto,CA,94301
1648,Shavano Park,TX,78249
658,Hallandale beach,FL,33009
809,bethesda,MD,20816
1254,Tarrytown,NY,10591
789,Lititz,PA,17543
1364,houston,tx,77019
1069,Tacoma,WA,98445
1260,Oneonta,NY,13820
1660,Lakewood,CO,80232
1659,Atherton,CA,94027-5422
815,LYNNWOOD,WA,98046
696,Gallatin,TN,37066
512,San Francisco,CA,94118
1026,Temecula,CA,92592
1667,menlo Park ,CA,94025
1284,Greenwood Village,CO,80111
1787,Plantation,FL,33325
545,raleigh,NC,27609
205,Jersey City,NJ,7307
1309,San Francisco,CA,94129
561,Beverly,MA,1915
1436,Saratoga,CA,95070
1687,Lititz,PA,17543-9059
856,New York,NY,10004
1177,Ossining,NY,10562
1443,Chilmark,,SP3 5BB
1380,hattiesburg,MS,39402
539,Charlotte,NC,28203
951,Dallas,TX,75380
781,San Diego,CA,92107
1250,Wyomissing,PA,19610
418,Everett,MA,2149
988,st louis,MO,64205
1469,Fairview,TX,75069
1147,Dallas,TX,75219
1614,Middleton,IL,53562
1378,Los Altos,CA,94022
1195,Huntington,NY,11743
660,McLean,VA,22101
659,Godfrey,IL,62o35
818,Boulder,CO,80305
817,University Place ,WA,98467
368,Sedalia,CO,80135
1063,parker,CO,80138
773,Houston,TX,77024
1584,San Francisco,CA,94118
1401,Houston,TX,77005
1378,Los Altos,CA,94022
1217,Fremont,CA,94539-5442
840,New York,NY,10025
1084,Boston,MA,2138
1083,HERMON,ME,4401
1261,Auburn,CA,95602
1504,Barrington Hills,IL,60010
1781,Des moines,IA,50321
1668,Rio Rancho,NM,87144
1117,atlanta,GA,30309
1271,Santa Clara,CA,95051
1233,Austin,TX,78703
610,narberth,PA,19072
562,New York,NY,10028
738,aventura,FL,33180
308,morton,IL,61550
1661,Rockville,MD,20850-6729
1488,Spokane,WA,99202
1690,Doral,FL,33178
1690,DORAL,FL,33178
1690,DORAL,FL,33178
1690,DORAL,FL,33178
1690,DORAL,FL,33178
1690,DORAL,FL,33178
1690,DORAL,FL,33178
753,Los Altos,CA,94022
597,Boca Raton,FL,33496
1198,Warwick,RI,2886
1197,Maple Glen,PA,19002
1196,Los Altos,CA,94022
1195,Huntington,NY,11743
1458,Atlanta,GA,30326
1225,Saratoga,CA,95070
334,Dobbs Ferry,NY,10522
1649,Cornelius,NC,28031
662,ijpgjrogkrege,MH,45356
414,Hopkinton,MA,1748
210,Cornelius,NC,28031
1064,Wellington,FL,33414
988,St. Louis ,MO,63105
1452,Sedona,AZ,86351
1452,Sedona,AZ,86351
1585,PALM SPRINGS,CA,92262
951,Dallas,TX,75380
841,Los altos hills,CA,94022
1262,northbrook,IL,60062
1380,Hattiesburg,MS,39402
1281,Santa Barbara,CA,93110
1490,Cave Creek,AZ,85327
1226,Los Altos,CA,94022
857,Delray Beach,FL,33445
1090,Benbrook ,TX,67126
1071,River Hills,WI,53217
990,Carlisle,MA,1741
1607,Los Angeles,CA,90027
1677,POTOMAC,MD,20854
875,Denver,CO,80231
859,San Francisco,CA,94109
545,raleigh,NC,27609
994,Houston,TX,77027
1537,Minnetonka,MN,55345
42,Denver,CO,80209
2,Denver,CO,80224
2,Denver,CO,80224
2,Denver,CO,80224
598,Lenox,MA,1240
764,Monterey,CA,93950
763,asheville ,NC,28801
1555,North Bend,OR,97459
612,San Jose,CA,95125
941,New York,NY,10011
1200,Seattle,WA,98105
1199,Portland,OR,97217
561,Beverly,MA,1915
1328,Santa Fe,NM,87504
1289,CARTHAGE,TN,37030
1642,Chevy Chase,MD,20815
642,Denver,CO,80210
641,lapine,OR,97739
794,Towson,MD,21286
721,West Simsbury,CT,6092
989,Denver,CO,80209
950,Santa Fe,NM,87505
620,Cheshire,CT,6410
533,Seattle,WA,98119
987,Denver,CO,80210
1338,Appleton,WI,54913
1470,lake barrington,IL,60010
1743,Charlotte,NC,28270
1065,St.Louis,MO,63105
1086,Austin,TX,78731
1085,SF,CA,94115
1263,Malvern,IA,51551
250,Brewster,WA,98812
1505,Mesa,AZ,85205
1588,Denver,CO,80202
1662,Oakland,CA,94612
1782,AUSTIN,TX,78731
1519,Houston,TX,77005
673,Dallas,TX,75229
1301,Pacific Grove,CA,93950
1679,Highlands Ranch,CO,80130
545,raleigh,NC,27609
876,Santa Rosa,CA,95404
1428,Boca Raton,FL,33486
1536,Glencoe,IL,60022
1437,Nehalem,OR,97131
1699,Carrboro,NC,27510
1697,North York,ON,M2P 1W1
1322,Los Altos,CA,94024-6707
1450,Carmel,CA,93923
942,Park Ridge,IL,60068
942,Park Ridge,IL,60068
1201,Wheaton,IL,60189
1643,Denver,CO,80206
1565,Philadelphia,PA,19102
990,Carlisle,MA,1741
1226,Los Altos Hills,CA,94022
1206,Wellesley,MA,2482
1339,Pacific Grove,CA,93950
1277,New York,NY,10026
1289,Carthage,TN,37030
663,Setauket,NY,11733
1067,Margate City,NJ,8402
1052,Denver,CO,80207
1256,Maple Glen,PA,19002
1483,Sedona,AZ,86351-7400
549,Hayes,VA,23072
1197,Maple Glen,PA,19002
1399,Alexandria,VA,22308
1398,Moab,UT,84532
1274,college park,GA,30337
1596,Bainbridge Island,WA,98110
1646,Chevy Chase,MD,20815
858,Charleston,SC,29413
1524,Albany,NY,12208
728,Portland,OR,97229
1128,Los Altos,CA,94022
1146,Coral Gables,FL,33134
660,McLean,VA,22101
539,Charlotte,NC,28203
599,Bloomfield Hills,MI,48302
768,Brooklyn,NY,11215
767,Medway,MA,2053
766,Louisville,KY,40299
765,Shelley,ID,83274
931,Maitland,FL,32751
1323,Austin,TX,78746
1198,warwick,RI,2886
770,Warrenton,VA,20187
223,Louisville,CO,80027
1112,Tarrytown,NY,10591
1728,Salt lake city,UT,84124
770,Warrenton,VA,20187
753,Los Altos,CA,94022
991,lexington,MA,2421
1227,Santa fe,NM,87505
815,Lynnwood,WA,98046
794,Berkeley Springs,WV,25411
1745,El Paso,TX,79936
664,Hopkinton,MA,1748
1071,River Hills,WI,53217
1070,University Place,WA,98467
1069,Tacoma,WA,98445
1068,Puyallup,WA,98375
1257,Camden,ME,4843
1771,Charlotte,NC,28203
1195,Huntington,NY,11743
706,Pebble Beach,CA,93953
1109,corte madera,CA,94925
709,Seattle,WA,98136
1400,Riverwoods,IL,60015
1599,margate,NJ,8402
1189,Cramerton,NC,28032
1407,Midland,TX,79705
863,Round Rock,TX,78665
1152,Austin,TX,78731
1431,Mooreaville,NC,28117
1430,boston,MA,2210
1169,koalas,FL,49511
896,Park City,UT,84060
1174,Fort Lauderdale,FL,33316
1178,The Hills,TX,78738
1442,San Antonio,TX,78209
932,Berkeley,CA,94708
1187,Plainfield,IL,60586
545,raleigh,NC,27609
782,Denver,CO,80237
709,Seattle,WA,98136
350,San Francisco,CA,94115
1729,Davenport,IA,52803
995,Lafayette,LA,70508
994,Houston,TX,77027
810,Houston,TX,77079
650,New York,NY,10017
1228,Menlo Park,CA,94025
967,Nashua,NH,3063
823,Rancho Santa Fe,CA,92067
668,Denver,CO,80203
1747,Eugene,OR,97405
1746,Manchester,VT,5254
485,WOODSIDE,CA,94062
1660,LAKEWOOD,CO,80232
545,raleigh,NC,27609
1600,Downers grove,IL,60515
708,Atlantic Highlands ,NJ,7716
1408,Bloomfield Hills,MI,48302-2715
1302,Milton,MA,2186
1493,Boca Raton,FL,33496
1683,Brooklyn,NY,11204
1688,mill valley,CA,94941
771,Santa Fe,NM,87505
770,Warrenton,VA,20187
769,Colchester,CT,6415
781,San Diego,CA,92107
1202,Carmel,CA,93922
1312,Kennett Square,PA,19348
202,Portland,OR,97239
1453,Danbury,NC,27016-7337
754,Houston,TX,77005
414,Hopkinton,MA,1748
1467,Potomac,MD,20854
1331,tiburon,CA,94920
1102,Scarsdale,NY,10583
1650,San Antonio,TX,78254
875,Denver,CO,80231
1087,houston,TX,77057
1264,merrick,NY,11566
1264,merrick,NY,11566
1506,Austin,TX,78731
1380,Hattiesburg,MS,39402
1783,Austin,TX,78704
845,Knoxville,TN,37919
1601,Hinsdale,IL,60521
709,Seattle,WA,98136
988,St. Louis ,MO,63105
390,ENGLEWOOD,CO,80113-4035
1294,San Francisco,CA,94123
1193,San Francisco,CA,94114
869,portland,OR,97201
1497,Midland,TX,79705
1352,Santa Rosa,CA,95409
337,Lafayette,CA,94549
1132,Doylestown,PA,18901
1529,NEW YORK,NY,10006
1604,Chevy Chase,MD,20815
846,Dallas,TX,75225
1689,Portola Valley,CA,94028
898,Ruston,WA,98407
1315,Oconomowoc,WI,53066
918,Portland,OR,97225
1223,SAN DIEGO,CA,92120
1619,Cincinnati,OH,45244-1642
601,Minneapolis,MN,55404
1188,Kennett Square,PA,19348
1451,Breckenridge,CO,80424
1718,San Antonio,TX,78209
614,chappaqua,NY,10514
944,Denver,CO,80220
943,Washington,DC,20008
815,Lynnwood,WA,98046
997,North Andover,MA,0.01845
1074,Rockville,MD,20852
1257,Camden,ME,4843
1373,Seattle,WA,98118
675,Briarcliff Manor,NY,10510
1089,San Francisco,CA,94123
1088,St. Louis ,MO,63143
1259,Portsmouth,RI,2871
1589,elizabeth,CO,80107
1395,Lone Tree,CO,80124
713,Houston,TX,77027
712,Oohioh,OH,43001
711,labette,KS,67356
710,labette,KS,67356
1033,DENVER,CO,80113
1380,Hattiesburg,MS,39402
729,Columbia,MD,21045
865,Gurnee,IL,60031
864,Parker,CO,80134
863,Round Rock,TX,78665
733,san francisco ,CA,94118
1432,Grand Junction,CO,81501
1537,Minnetonka,MN,55345
539,Charlotte,NC,28203
942,Park Ridge,IL,60068
1446,Aventura,FL,33180
1407,midland,TX,79705
1550,toronto,ON,m4v1a3
772,Campbell,CA,95008
1452,Sedona,AZ,86351
1227,Santa Fe,NM,87505
951,Dallas,TX,75380
618,Alpharetta,GA,30022
617,La Grande,OR,97850
783,Kennett Square,PA,19348
869,portland,OR,97201
1205,Santa Fe,NM,87505
1452,Sedona,AZ,86351
1730,RUMFORD,RI,02916-2702
1708,Captain Cook,HI,96704-9205
796,Palo Alto,CA,94306
773,Houston,TX,77024
999,Pebble Beach,CA,93953
474,Portland,OR,97215
823,Rancho Santa Fe,CA,92067
1265,Chevy Chase,MD,20815
963,Portsmouth,NH,3801
898,Ruston,WA,98407
839,Los Altos,CA,94023
1507,Roslyn,NY,11576
1646,Chevy Chase,MD,20815
1521,Evergreen,CO,80439
699,Hillsborough ,CA,94010
1669,Orinda,CA,94563
1378,Los Altos,CA,94023
609,Los Altos,CA,94024
715,victoria,NY,11223
714,brooklyn,NY,11223
866,lakewood,WA,98498
46,Decatur,GA,30030
1170,santa fe,NM,87508
1175,napa,CA,94558
1546,MEDFORD,OR,97504
755,Cincinnati,OH,45208
539,Charlotte,NC,28203
308,morton,IL,61550
1697,North York,ON,M2P 1W1
1324,Willowbrook,IL,60527
785,Emmaus,PA,18049
784,Baltimore,MD,21211
1206,Wellesley,MA,2481
1195,Huntington,NY,11743
868,San Jose,CA,95161
798,denver,CO,80210
797,Bryn Mawr,PA,19010
1000,Seattle,WA,98115
773,Houston,TX,77024
1472,Camden,ME,4843
1424,Ross,CA,94957
1223,San diego,CA,92120
488,lewes,DE,19958
1319,San Francisco,CA,94129
1774,San Francisco,CA,94129-2874
1773,Pacific Grove,CA,93950
1736,Los Altos,CA,94024
676,HIGHLAND PARK,IL,60035
554,Charlotte,NC,28209
1093,addison,TX,75001
1091,Dallas,TX,75219
1083,HERMON,ME,4401
1267,Littleton,CO,80120
1266,brookline,MA,2446
1508,Larchmont,NY,10538
1590,Williamsville,NY,14231
1319,San Francisco,CA,94129
216,Lawrenceville,NJ,8648
1146,Coral Gables,FL,33134
718,Minneapolis,MN,55410
1296,San Francisco,CA,94127
1295,Neenah,WI,54956
1258,Shoreline,WA,98177
1410,Boulder,CO,80304
291,New York,NY,10024
1303,Prospect,KY,40059
1146,Coral Gables,FL,33134
562,New York,NY,10028
877,s. barrington,IL,60010
1155,Santa Fe,NM,87506
1433,Kula,HI,96790
1547,Oakland,CA,94610
1447,Stamford,CT,6903
598,Lenox,MA,1240
1190,Bellaire,TX,77401
1189,Cramerton,NC,28032
786,oneonta,NY,13820
1566,Washington,DC,20018
1565,Penn Valley,PA,19072
1416,Longwood,FL,32750
1232,Glendora,CA,91740
1338,Appleton,WI,54913
1453,Danbury,NC,27016-7337
824,Livingston,TX,77399-1044
1076,tacoma,WA,98417
1075,Framingham,MA,1701
1200,Seattle,WA,98105
1485,Lafayette,LA,70501
545,raleigh,NC,27609
1097,San Jose,CA,95125
1383,Houston,TX,77024
1510,brookline,MA,177802446
1509,Belmont,MA,2478
1591,Inverness,IL,60067
1289,carthage,TN,37030
1664,Shorewood,WI,53211
1663,FORT WAYNE,IN,46814
1784,Washington,DC,20016
1112,Tarry town  New York,NY,10591
1402,Corona del Mar,CA,92625
859,San Francisco,CA,94109
202,Portland,OR,97239
13,Denver,CO,80203
924,San Francisco,CA,94115
730,Clive,IA,50325
208,Menlo Park,CA,94025
1133,Hilton head,SC,29926
350,San Francisco,CA,94115
1304,Houston,TX,77098
358,San Francisco,CA,94117
887,Summerville,SC,29483
1312,Kennett Square,PA,19348
1336,Hunts Point,WA,98004
749,Castle Rock,CO,80104
291,New York,NY,10024
902,Tarrytown,NY,10591
753,Los Altos,CA,94022
1316,mill valley,CA,94941
1710,Sarasota,FL,34243
1637,Charlotte,NC,28203
1401,Houston,TX,77005
1721,Birmingham,AL,35260
946,Brooklyn,NY,11215-4911
945,Brooklyn,NY,11215-4911
537,Highland Park,IL,60035
1732,Centreville,MD,21617
1233,Austin,TX,78703
736,Bethesda,MD,20817
1749,Salinas,CA,93908
1646,Chevy chase,MD,20815
1486,Aiken,SC,29803
1500,Menlo Park,CA,94025
1203,san francisco,CA,94115
1526,Oklahoma City,OK,73120=3785
1604,Chevy Chase,MD,20815
1134,Ferndale,MI,48220
888,Los Altos,CA,94024
1701,Carmel,CA,93923
1700,Cottage Grove,OR,97424
1500,Menlo Park,CA,94025
517,st davids,PA,19087
244,santa fe,NM,87501
947,San Antonio,TX,78257
1461,Charlotte,NC,28277
503,Matthews,NC,28104
1568,Bloomington,IL,61704
1567,Chapel Hill,NC,27516
1215,New York,NY,10026
646,Helena,MT,59624
184,San Francisco,CA,94111
801,Glen Ridge,NJ,7028
800,Cheshire,CT,6410
1235,Deland ,FL,32724
962,Bellevue,WA,98004
753,Sunnyvale,CA,94089
666,Ann Arbor,MI,48105
826,San Antonio,TX,78256
1258,Shoreline,WA,98177
1776,Decatur,GA,30030
677,Hunts Point,WA,98004
1099,Appleton,WI,54913
1384,Piedmont,CA,94611
860,Eat Points,GA,30344
1526,Oklahoma City,OK,73120-3785
1452,Sedona,AZ,86351-7400
869,portland,OR,97201
1215,New York,NY,10026
735,Los Altos,CA,94024
1438,San Francisco,CA,94118
463,Hickory Hills,IL,60457
587,Huntington,NY,11743
586,Reno,NV,89519
1711,asdasd,GA,30303
504,Bend,OR,97702
1560,west newton,MA,2465
1722,Woodbury,MN,55125
1207,Kirkwood,MO,63122
74,Creve Coeur,MO,63141
1238,Plains,PA,18705
1258,Shoreline,WA,98177
1449,Portola Valley,CA,94028
1242,Greensburg,PA,15601
1100,Cheyenne,WY,82009
1605,Greensboro,NC,27403
1189,Cramerton,NC,28032
1331,tiburon,CA,94920
761,New york,NY,10023
1298,Denver,CO,80238
1176,soledad,CA,93960
1195,Huntington,NY,11743
1450,Carmel,CA,93923
1712,dasdasd,GA,30303
620,Cheshire,CT,6410
928,Winston-Salem ,NC,27104
1037,decatur,GA,30033
1112,Tarrytown,NY,10591
775,Mount Kisco,NY,10549
492,Boca Raton,FL,33496
1646,Chevy Chase,MD,20815
1641,Boerne,TX,78006
830,San Anselmo,CA,94960
533,Seattle,WA,98119